VulnID;OccuType;DmgType;VulnType;HydroValue;Damage;Original code
1;11100;1;1;-1.2192;0;RES3F
1;11100;1;1;-0.9144;0;RES3F
1;11100;1;1;-0.6096;0;RES3F
1;11100;1;1;-0.3048;0;RES3F
1;11100;1;1;0;0.05;RES3F
1;11100;1;1;0.3048;0.28;RES3F
1;11100;1;1;0.6096;0.29;RES3F
1;11100;1;1;0.9144;0.31;RES3F
1;11100;1;1;1.2192;0.36;RES3F
1;11100;1;1;1.524;0.37;RES3F
1;11100;1;1;1.8288;0.39;RES3F
1;11100;1;1;2.1336;0.4;RES3F
1;11100;1;1;2.4384;0.41;RES3F
1;11100;1;1;2.7432;0.42;RES3F
1;11100;1;1;3.048;0.44;RES3F
1;11100;1;1;3.3528;0.46;RES3F
1;11100;1;1;3.6576;0.48;RES3F
1;11100;1;1;3.9624;0.52;RES3F
1;11100;1;1;4.2672;0.55;RES3F
1;11100;1;1;4.572;0.58;RES3F
1;11100;1;1;4.8768;0.61;RES3F
1;11100;1;1;5.1816;0.64;RES3F
1;11100;1;1;5.4864;0.68;RES3F
1;11100;1;1;5.7912;0.69;RES3F
1;11100;1;1;6.096;0.7;RES3F
1;11100;1;1;6.4008;0.71;RES3F
1;11100;1;1;6.7056;0.72;RES3F
1;11100;1;1;7.0104;0.73;RES3F
1;11100;1;1;7.3152;0.74;RES3F
1;11100;2;1;-1.2192;0;RES3F
1;11100;2;1;-0.9144;0;RES3F
1;11100;2;1;-0.6096;0;RES3F
1;11100;2;1;-0.3048;0;RES3F
1;11100;2;1;0;0.04;RES3F
1;11100;2;1;0.3048;0.24;RES3F
1;11100;2;1;0.6096;0.34;RES3F
1;11100;2;1;0.9144;0.4;RES3F
1;11100;2;1;1.2192;0.47;RES3F
1;11100;2;1;1.524;0.53;RES3F
1;11100;2;1;1.8288;0.56;RES3F
1;11100;2;1;2.1336;0.58;RES3F
1;11100;2;1;2.4384;0.58;RES3F
1;11100;2;1;2.7432;0.58;RES3F
1;11100;2;1;3.048;0.61;RES3F
1;11100;2;1;3.3528;0.66;RES3F
1;11100;2;1;3.6576;0.68;RES3F
1;11100;2;1;3.9624;0.76;RES3F
1;11100;2;1;4.2672;0.81;RES3F
1;11100;2;1;4.572;0.86;RES3F
1;11100;2;1;4.8768;0.91;RES3F
1;11100;2;1;5.1816;1;RES3F
1;11100;2;1;5.4864;1;RES3F
1;11100;2;1;5.7912;1;RES3F
1;11100;2;1;6.096;1;RES3F
1;11100;2;1;6.4008;1;RES3F
1;11100;2;1;6.7056;1;RES3F
1;11100;2;1;7.0104;1;RES3F
1;11100;2;1;7.3152;1;RES3F
1;11210;1;1;-1.2192;0;RES3F
1;11210;1;1;-0.9144;0;RES3F
1;11210;1;1;-0.6096;0;RES3F
1;11210;1;1;-0.3048;0;RES3F
1;11210;1;1;0;0.05;RES3F
1;11210;1;1;0.3048;0.28;RES3F
1;11210;1;1;0.6096;0.29;RES3F
1;11210;1;1;0.9144;0.31;RES3F
1;11210;1;1;1.2192;0.36;RES3F
1;11210;1;1;1.524;0.37;RES3F
1;11210;1;1;1.8288;0.39;RES3F
1;11210;1;1;2.1336;0.4;RES3F
1;11210;1;1;2.4384;0.41;RES3F
1;11210;1;1;2.7432;0.42;RES3F
1;11210;1;1;3.048;0.44;RES3F
1;11210;1;1;3.3528;0.46;RES3F
1;11210;1;1;3.6576;0.48;RES3F
1;11210;1;1;3.9624;0.52;RES3F
1;11210;1;1;4.2672;0.55;RES3F
1;11210;1;1;4.572;0.58;RES3F
1;11210;1;1;4.8768;0.61;RES3F
1;11210;1;1;5.1816;0.64;RES3F
1;11210;1;1;5.4864;0.68;RES3F
1;11210;1;1;5.7912;0.69;RES3F
1;11210;1;1;6.096;0.7;RES3F
1;11210;1;1;6.4008;0.71;RES3F
1;11210;1;1;6.7056;0.72;RES3F
1;11210;1;1;7.0104;0.73;RES3F
1;11210;1;1;7.3152;0.74;RES3F
1;11210;2;1;-1.2192;0;RES3F
1;11210;2;1;-0.9144;0;RES3F
1;11210;2;1;-0.6096;0;RES3F
1;11210;2;1;-0.3048;0;RES3F
1;11210;2;1;0;0.04;RES3F
1;11210;2;1;0.3048;0.24;RES3F
1;11210;2;1;0.6096;0.34;RES3F
1;11210;2;1;0.9144;0.4;RES3F
1;11210;2;1;1.2192;0.47;RES3F
1;11210;2;1;1.524;0.53;RES3F
1;11210;2;1;1.8288;0.56;RES3F
1;11210;2;1;2.1336;0.58;RES3F
1;11210;2;1;2.4384;0.58;RES3F
1;11210;2;1;2.7432;0.58;RES3F
1;11210;2;1;3.048;0.61;RES3F
1;11210;2;1;3.3528;0.66;RES3F
1;11210;2;1;3.6576;0.68;RES3F
1;11210;2;1;3.9624;0.76;RES3F
1;11210;2;1;4.2672;0.81;RES3F
1;11210;2;1;4.572;0.86;RES3F
1;11210;2;1;4.8768;0.91;RES3F
1;11210;2;1;5.1816;1;RES3F
1;11210;2;1;5.4864;1;RES3F
1;11210;2;1;5.7912;1;RES3F
1;11210;2;1;6.096;1;RES3F
1;11210;2;1;6.4008;1;RES3F
1;11210;2;1;6.7056;1;RES3F
1;11210;2;1;7.0104;1;RES3F
1;11210;2;1;7.3152;1;RES3F
1;11220;1;1;-1.2192;0;RES3F
1;11220;1;1;-0.9144;0;RES3F
1;11220;1;1;-0.6096;0;RES3F
1;11220;1;1;-0.3048;0;RES3F
1;11220;1;1;0;0.05;RES3F
1;11220;1;1;0.3048;0.28;RES3F
1;11220;1;1;0.6096;0.29;RES3F
1;11220;1;1;0.9144;0.31;RES3F
1;11220;1;1;1.2192;0.36;RES3F
1;11220;1;1;1.524;0.37;RES3F
1;11220;1;1;1.8288;0.39;RES3F
1;11220;1;1;2.1336;0.4;RES3F
1;11220;1;1;2.4384;0.41;RES3F
1;11220;1;1;2.7432;0.42;RES3F
1;11220;1;1;3.048;0.44;RES3F
1;11220;1;1;3.3528;0.46;RES3F
1;11220;1;1;3.6576;0.48;RES3F
1;11220;1;1;3.9624;0.52;RES3F
1;11220;1;1;4.2672;0.55;RES3F
1;11220;1;1;4.572;0.58;RES3F
1;11220;1;1;4.8768;0.61;RES3F
1;11220;1;1;5.1816;0.64;RES3F
1;11220;1;1;5.4864;0.68;RES3F
1;11220;1;1;5.7912;0.69;RES3F
1;11220;1;1;6.096;0.7;RES3F
1;11220;1;1;6.4008;0.71;RES3F
1;11220;1;1;6.7056;0.72;RES3F
1;11220;1;1;7.0104;0.73;RES3F
1;11220;1;1;7.3152;0.74;RES3F
1;11220;2;1;-1.2192;0;RES3F
1;11220;2;1;-0.9144;0;RES3F
1;11220;2;1;-0.6096;0;RES3F
1;11220;2;1;-0.3048;0;RES3F
1;11220;2;1;0;0.04;RES3F
1;11220;2;1;0.3048;0.24;RES3F
1;11220;2;1;0.6096;0.34;RES3F
1;11220;2;1;0.9144;0.4;RES3F
1;11220;2;1;1.2192;0.47;RES3F
1;11220;2;1;1.524;0.53;RES3F
1;11220;2;1;1.8288;0.56;RES3F
1;11220;2;1;2.1336;0.58;RES3F
1;11220;2;1;2.4384;0.58;RES3F
1;11220;2;1;2.7432;0.58;RES3F
1;11220;2;1;3.048;0.61;RES3F
1;11220;2;1;3.3528;0.66;RES3F
1;11220;2;1;3.6576;0.68;RES3F
1;11220;2;1;3.9624;0.76;RES3F
1;11220;2;1;4.2672;0.81;RES3F
1;11220;2;1;4.572;0.86;RES3F
1;11220;2;1;4.8768;0.91;RES3F
1;11220;2;1;5.1816;1;RES3F
1;11220;2;1;5.4864;1;RES3F
1;11220;2;1;5.7912;1;RES3F
1;11220;2;1;6.096;1;RES3F
1;11220;2;1;6.4008;1;RES3F
1;11220;2;1;6.7056;1;RES3F
1;11220;2;1;7.0104;1;RES3F
1;11220;2;1;7.3152;1;RES3F
1;11230;1;1;-1.2192;0;RES3F
1;11230;1;1;-0.9144;0;RES3F
1;11230;1;1;-0.6096;0;RES3F
1;11230;1;1;-0.3048;0;RES3F
1;11230;1;1;0;0.05;RES3F
1;11230;1;1;0.3048;0.28;RES3F
1;11230;1;1;0.6096;0.29;RES3F
1;11230;1;1;0.9144;0.31;RES3F
1;11230;1;1;1.2192;0.36;RES3F
1;11230;1;1;1.524;0.37;RES3F
1;11230;1;1;1.8288;0.39;RES3F
1;11230;1;1;2.1336;0.4;RES3F
1;11230;1;1;2.4384;0.41;RES3F
1;11230;1;1;2.7432;0.42;RES3F
1;11230;1;1;3.048;0.44;RES3F
1;11230;1;1;3.3528;0.46;RES3F
1;11230;1;1;3.6576;0.48;RES3F
1;11230;1;1;3.9624;0.52;RES3F
1;11230;1;1;4.2672;0.55;RES3F
1;11230;1;1;4.572;0.58;RES3F
1;11230;1;1;4.8768;0.61;RES3F
1;11230;1;1;5.1816;0.64;RES3F
1;11230;1;1;5.4864;0.68;RES3F
1;11230;1;1;5.7912;0.69;RES3F
1;11230;1;1;6.096;0.7;RES3F
1;11230;1;1;6.4008;0.71;RES3F
1;11230;1;1;6.7056;0.72;RES3F
1;11230;1;1;7.0104;0.73;RES3F
1;11230;1;1;7.3152;0.74;RES3F
1;11230;2;1;-1.2192;0;RES3F
1;11230;2;1;-0.9144;0;RES3F
1;11230;2;1;-0.6096;0;RES3F
1;11230;2;1;-0.3048;0;RES3F
1;11230;2;1;0;0.04;RES3F
1;11230;2;1;0.3048;0.24;RES3F
1;11230;2;1;0.6096;0.34;RES3F
1;11230;2;1;0.9144;0.4;RES3F
1;11230;2;1;1.2192;0.47;RES3F
1;11230;2;1;1.524;0.53;RES3F
1;11230;2;1;1.8288;0.56;RES3F
1;11230;2;1;2.1336;0.58;RES3F
1;11230;2;1;2.4384;0.58;RES3F
1;11230;2;1;2.7432;0.58;RES3F
1;11230;2;1;3.048;0.61;RES3F
1;11230;2;1;3.3528;0.66;RES3F
1;11230;2;1;3.6576;0.68;RES3F
1;11230;2;1;3.9624;0.76;RES3F
1;11230;2;1;4.2672;0.81;RES3F
1;11230;2;1;4.572;0.86;RES3F
1;11230;2;1;4.8768;0.91;RES3F
1;11230;2;1;5.1816;1;RES3F
1;11230;2;1;5.4864;1;RES3F
1;11230;2;1;5.7912;1;RES3F
1;11230;2;1;6.096;1;RES3F
1;11230;2;1;6.4008;1;RES3F
1;11230;2;1;6.7056;1;RES3F
1;11230;2;1;7.0104;1;RES3F
1;11230;2;1;7.3152;1;RES3F
1;11240;1;1;-1.2192;0;RES1
1;11240;1;1;-0.9144;0;RES1
1;11240;1;1;-0.6096;0;RES1
1;11240;1;1;-0.3048;0;RES1
1;11240;1;1;0;0.18;RES1
1;11240;1;1;0.3048;0.22;RES1
1;11240;1;1;0.6096;0.25;RES1
1;11240;1;1;0.9144;0.28;RES1
1;11240;1;1;1.2192;0.3;RES1
1;11240;1;1;1.524;0.31;RES1
1;11240;1;1;1.8288;0.4;RES1
1;11240;1;1;2.1336;0.43;RES1
1;11240;1;1;2.4384;0.43;RES1
1;11240;1;1;2.7432;0.45;RES1
1;11240;1;1;3.048;0.46;RES1
1;11240;1;1;3.3528;0.47;RES1
1;11240;1;1;3.6576;0.47;RES1
1;11240;1;1;3.9624;0.49;RES1
1;11240;1;1;4.2672;0.5;RES1
1;11240;1;1;4.572;0.5;RES1
1;11240;1;1;4.8768;0.5;RES1
1;11240;1;1;5.1816;0.51;RES1
1;11240;1;1;5.4864;0.51;RES1
1;11240;1;1;5.7912;0.52;RES1
1;11240;1;1;6.096;0.52;RES1
1;11240;1;1;6.4008;0.53;RES1
1;11240;1;1;6.7056;0.53;RES1
1;11240;1;1;7.0104;0.54;RES1
1;11240;1;1;7.3152;0.54;RES1
1;11240;2;1;-1.2192;0;RES1
1;11240;2;1;-0.9144;0;RES1
1;11240;2;1;-0.6096;0;RES1
1;11240;2;1;-0.3048;0;RES1
1;11240;2;1;0;0.12;RES1
1;11240;2;1;0.3048;0.25;RES1
1;11240;2;1;0.6096;0.35;RES1
1;11240;2;1;0.9144;0.36;RES1
1;11240;2;1;1.2192;0.38;RES1
1;11240;2;1;1.524;0.41;RES1
1;11240;2;1;1.8288;0.45;RES1
1;11240;2;1;2.1336;0.5;RES1
1;11240;2;1;2.4384;0.55;RES1
1;11240;2;1;2.7432;0.6;RES1
1;11240;2;1;3.048;0.6;RES1
1;11240;2;1;3.3528;0.6;RES1
1;11240;2;1;3.6576;0.6;RES1
1;11240;2;1;3.9624;0.6;RES1
1;11240;2;1;4.2672;0.6;RES1
1;11240;2;1;4.572;0.6;RES1
1;11240;2;1;4.8768;0.6;RES1
1;11240;2;1;5.1816;0.6;RES1
1;11240;2;1;5.4864;0.6;RES1
1;11240;2;1;5.7912;0.6;RES1
1;11240;2;1;6.096;0.6;RES1
1;11240;2;1;6.4008;0.6;RES1
1;11300;1;1;-1.2192;0;RES1
1;11300;1;1;-0.9144;0;RES1
1;11300;1;1;-0.6096;0;RES1
1;11300;1;1;-0.3048;0;RES1
1;11300;1;1;0;0.18;RES1
1;11300;1;1;0.3048;0.22;RES1
1;11300;1;1;0.6096;0.25;RES1
1;11300;1;1;0.9144;0.28;RES1
1;11300;1;1;1.2192;0.3;RES1
1;11300;1;1;1.524;0.31;RES1
1;11300;1;1;1.8288;0.4;RES1
1;11300;1;1;2.1336;0.43;RES1
1;11300;1;1;2.4384;0.43;RES1
1;11300;1;1;2.7432;0.45;RES1
1;11300;1;1;3.048;0.46;RES1
1;11300;1;1;3.3528;0.47;RES1
1;11300;1;1;3.6576;0.47;RES1
1;11300;1;1;3.9624;0.49;RES1
1;11300;1;1;4.2672;0.5;RES1
1;11300;1;1;4.572;0.5;RES1
1;11300;1;1;4.8768;0.5;RES1
1;11300;1;1;5.1816;0.51;RES1
1;11300;1;1;5.4864;0.51;RES1
1;11300;1;1;5.7912;0.52;RES1
1;11300;1;1;6.096;0.52;RES1
1;11300;1;1;6.4008;0.53;RES1
1;11300;1;1;6.7056;0.53;RES1
1;11300;1;1;7.0104;0.54;RES1
1;11300;1;1;7.3152;0.54;RES1
1;11300;2;1;-1.2192;0;RES1
1;11300;2;1;-0.9144;0;RES1
1;11300;2;1;-0.6096;0;RES1
1;11300;2;1;-0.3048;0;RES1
1;11300;2;1;0;0.12;RES1
1;11300;2;1;0.3048;0.25;RES1
1;11300;2;1;0.6096;0.35;RES1
1;11300;2;1;0.9144;0.36;RES1
1;11300;2;1;1.2192;0.38;RES1
1;11300;2;1;1.524;0.41;RES1
1;11300;2;1;1.8288;0.45;RES1
1;11300;2;1;2.1336;0.5;RES1
1;11300;2;1;2.4384;0.55;RES1
1;11300;2;1;2.7432;0.6;RES1
1;11300;2;1;3.048;0.6;RES1
1;11300;2;1;3.3528;0.6;RES1
1;11300;2;1;3.6576;0.6;RES1
1;11300;2;1;3.9624;0.6;RES1
1;11300;2;1;4.2672;0.6;RES1
1;11300;2;1;4.572;0.6;RES1
1;11300;2;1;4.8768;0.6;RES1
1;11300;2;1;5.1816;0.6;RES1
1;11300;2;1;5.4864;0.6;RES1
1;11300;2;1;5.7912;0.6;RES1
1;11300;2;1;6.096;0.6;RES1
1;11300;2;1;6.4008;0.6;RES1
1;12100;1;1;-1.2192;0;IND_AVE
1;12100;1;1;-0.9144;0;IND_AVE
1;12100;1;1;-0.6096;0;IND_AVE
1;12100;1;1;-0.3048;0;IND_AVE
1;12100;1;1;0;0.01;IND_AVE
1;12100;1;1;0.3048;0.09;IND_AVE
1;12100;1;1;0.6096;0.14;IND_AVE
1;12100;1;1;0.9144;0.165;IND_AVE
1;12100;1;1;1.2192;0.2;IND_AVE
1;12100;1;1;1.524;0.23;IND_AVE
1;12100;1;1;1.8288;0.265;IND_AVE
1;12100;1;1;2.1336;0.29;IND_AVE
1;12100;1;1;2.4384;0.325;IND_AVE
1;12100;1;1;2.7432;0.355;IND_AVE
1;12100;1;1;3.048;0.385;IND_AVE
1;12100;1;1;3.3528;0.425;IND_AVE
1;12100;1;1;3.6576;0.465;IND_AVE
1;12100;1;1;3.9624;0.495;IND_AVE
1;12100;1;1;4.2672;0.525;IND_AVE
1;12100;1;1;4.572;0.545;IND_AVE
1;12100;1;1;4.8768;0.575;IND_AVE
1;12100;1;1;5.1816;0.595;IND_AVE
1;12100;1;1;5.4864;0.62;IND_AVE
1;12100;1;1;5.7912;0.64;IND_AVE
1;12100;1;1;6.096;0.655;IND_AVE
1;12100;1;1;6.4008;0.68;IND_AVE
1;12100;1;1;6.7056;0.695;IND_AVE
1;12100;1;1;7.0104;0.715;IND_AVE
1;12100;1;1;7.3152;0.73;IND_AVE
1;12100;2;1;-1.2192;0;IND_AVE
1;12100;2;1;-0.9144;0;IND_AVE
1;12100;2;1;-0.6096;0;IND_AVE
1;12100;2;1;-0.3048;0;IND_AVE
1;12100;2;1;0;0.01;IND_AVE
1;12100;2;1;0.3048;0.175;IND_AVE
1;12100;2;1;0.6096;0.325;IND_AVE
1;12100;2;1;0.9144;0.455;IND_AVE
1;12100;2;1;1.2192;0.56;IND_AVE
1;12100;2;1;1.524;0.65;IND_AVE
1;12100;2;1;1.8288;0.705;IND_AVE
1;12100;2;1;2.1336;0.735;IND_AVE
1;12100;2;1;2.4384;0.76;IND_AVE
1;12100;2;1;2.7432;0.78;IND_AVE
1;12100;2;1;3.048;0.795;IND_AVE
1;12100;2;1;3.3528;0.815;IND_AVE
1;12100;2;1;3.6576;0.825;IND_AVE
1;12100;2;1;3.9624;0.845;IND_AVE
1;12100;2;1;4.2672;0.85;IND_AVE
1;12100;2;1;4.572;0.85;IND_AVE
1;12100;2;1;4.8768;0.86;IND_AVE
1;12100;2;1;5.1816;0.865;IND_AVE
1;12100;2;1;5.4864;0.87;IND_AVE
1;12100;2;1;5.7912;0.87;IND_AVE
1;12100;2;1;6.096;0.87;IND_AVE
1;12100;2;1;6.4008;0.875;IND_AVE
1;12100;2;1;6.7056;0.875;IND_AVE
1;12100;2;1;7.0104;0.875;IND_AVE
1;12100;2;1;7.3152;0.875;IND_AVE
1;13100;1;1;-1.2192;0;IND6
1;13100;1;1;-0.9144;0;IND6
1;13100;1;1;-0.6096;0;IND6
1;13100;1;1;-0.3048;0;IND6
1;13100;1;1;0;0;IND6
1;13100;1;1;0.3048;0.22;IND6
1;13100;1;1;0.6096;0.31;IND6
1;13100;1;1;0.9144;0.37;IND6
1;13100;1;1;1.2192;0.43;IND6
1;13100;1;1;1.524;0.47;IND6
1;13100;1;1;1.8288;0.5;IND6
1;13100;1;1;2.1336;0.54;IND6
1;13100;1;1;2.4384;0.57;IND6
1;13100;1;1;2.7432;0.61;IND6
1;13100;1;1;3.048;0.63;IND6
1;13100;1;1;3.3528;0.64;IND6
1;13100;1;1;3.6576;0.65;IND6
1;13100;1;1;3.9624;0.67;IND6
1;13100;1;1;4.2672;0.68;IND6
1;13100;1;1;4.572;0.69;IND6
1;13100;1;1;4.8768;0.7;IND6
1;13100;1;1;5.1816;0.71;IND6
1;13100;1;1;5.4864;0.72;IND6
1;13100;1;1;5.7912;0.73;IND6
1;13100;1;1;6.096;0.74;IND6
1;13100;1;1;6.4008;0.75;IND6
1;13100;1;1;6.7056;0.76;IND6
1;13100;2;1;-1.2192;0;IND6
1;13100;2;1;-0.9144;0;IND6
1;13100;2;1;-0.6096;0;IND6
1;13100;2;1;-0.3048;0;IND6
1;13100;2;1;0;0;IND6
1;13100;2;1;0.3048;0.2;IND6
1;13100;2;1;0.6096;0.35;IND6
1;13100;2;1;0.9144;0.47;IND6
1;13100;2;1;1.2192;0.56;IND6
1;13100;2;1;1.524;0.59;IND6
1;13100;2;1;1.8288;0.66;IND6
1;13100;2;1;2.1336;0.69;IND6
1;13100;2;1;2.4384;0.71;IND6
1;13100;2;1;2.7432;0.72;IND6
1;13100;2;1;3.048;0.78;IND6
1;13100;2;1;3.3528;0.79;IND6
1;13100;2;1;3.6576;0.8;IND6
1;13100;2;1;3.9624;0.8;IND6
1;13100;2;1;4.2672;0.81;IND6
1;13100;2;1;4.572;0.81;IND6
1;13100;2;1;4.8768;0.81;IND6
1;13100;2;1;5.1816;0.82;IND6
1;13100;2;1;5.4864;0.82;IND6
1;13100;2;1;5.7912;0.82;IND6
1;13100;2;1;6.096;0.83;IND6
1;13100;2;1;6.4008;0.83;IND6
1;13100;2;1;6.7056;0.83;IND6
1;13100;2;1;7.0104;0.83;IND6
1;13300;1;1;-1.2192;0;IND6
1;13300;1;1;-0.9144;0;IND6
1;13300;1;1;-0.6096;0;IND6
1;13300;1;1;-0.3048;0;IND6
1;13300;1;1;0;0;IND6
1;13300;1;1;0.3048;0.22;IND6
1;13300;1;1;0.6096;0.31;IND6
1;13300;1;1;0.9144;0.37;IND6
1;13300;1;1;1.2192;0.43;IND6
1;13300;1;1;1.524;0.47;IND6
1;13300;1;1;1.8288;0.5;IND6
1;13300;1;1;2.1336;0.54;IND6
1;13300;1;1;2.4384;0.57;IND6
1;13300;1;1;2.7432;0.61;IND6
1;13300;1;1;3.048;0.63;IND6
1;13300;1;1;3.3528;0.64;IND6
1;13300;1;1;3.6576;0.65;IND6
1;13300;1;1;3.9624;0.67;IND6
1;13300;1;1;4.2672;0.68;IND6
1;13300;1;1;4.572;0.69;IND6
1;13300;1;1;4.8768;0.7;IND6
1;13300;1;1;5.1816;0.71;IND6
1;13300;1;1;5.4864;0.72;IND6
1;13300;1;1;5.7912;0.73;IND6
1;13300;1;1;6.096;0.74;IND6
1;13300;1;1;6.4008;0.75;IND6
1;13300;1;1;6.7056;0.76;IND6
1;13300;2;1;-1.2192;0;IND6
1;13300;2;1;-0.9144;0;IND6
1;13300;2;1;-0.6096;0;IND6
1;13300;2;1;-0.3048;0;IND6
1;13300;2;1;0;0;IND6
1;13300;2;1;0.3048;0.2;IND6
1;13300;2;1;0.6096;0.35;IND6
1;13300;2;1;0.9144;0.47;IND6
1;13300;2;1;1.2192;0.56;IND6
1;13300;2;1;1.524;0.59;IND6
1;13300;2;1;1.8288;0.66;IND6
1;13300;2;1;2.1336;0.69;IND6
1;13300;2;1;2.4384;0.71;IND6
1;13300;2;1;2.7432;0.72;IND6
1;13300;2;1;3.048;0.78;IND6
1;13300;2;1;3.3528;0.79;IND6
1;13300;2;1;3.6576;0.8;IND6
1;13300;2;1;3.9624;0.8;IND6
1;13300;2;1;4.2672;0.81;IND6
1;13300;2;1;4.572;0.81;IND6
1;13300;2;1;4.8768;0.81;IND6
1;13300;2;1;5.1816;0.82;IND6
1;13300;2;1;5.4864;0.82;IND6
1;13300;2;1;5.7912;0.82;IND6
1;13300;2;1;6.096;0.83;IND6
1;13300;2;1;6.4008;0.83;IND6
1;13300;2;1;6.7056;0.83;IND6
1;13300;2;1;7.0104;0.83;IND6
1;13400;1;1;-1.2192;0;AGR1
1;13400;1;1;-0.9144;0;AGR1
1;13400;1;1;-0.6096;0;AGR1
1;13400;1;1;-0.3048;0;AGR1
1;13400;1;1;0;0;AGR1
1;13400;1;1;0.3048;0.06;AGR1
1;13400;1;1;0.6096;0.11;AGR1
1;13400;1;1;0.9144;0.15;AGR1
1;13400;1;1;1.2192;0.19;AGR1
1;13400;1;1;1.524;0.25;AGR1
1;13400;1;1;1.8288;0.3;AGR1
1;13400;1;1;2.1336;0.35;AGR1
1;13400;1;1;2.4384;0.41;AGR1
1;13400;1;1;2.7432;0.46;AGR1
1;13400;1;1;3.048;0.51;AGR1
1;13400;1;1;3.3528;0.57;AGR1
1;13400;1;1;3.6576;0.63;AGR1
1;13400;1;1;3.9624;0.7;AGR1
1;13400;1;1;4.2672;0.75;AGR1
1;13400;1;1;4.572;0.79;AGR1
1;13400;1;1;4.8768;0.82;AGR1
1;13400;1;1;5.1816;0.84;AGR1
1;13400;1;1;5.4864;0.87;AGR1
1;13400;1;1;5.7912;0.89;AGR1
1;13400;1;1;6.096;0.9;AGR1
1;13400;1;1;6.4008;0.92;AGR1
1;13400;1;1;6.7056;0.93;AGR1
1;13400;1;1;7.0104;0.95;AGR1
1;13400;1;1;7.3152;0.96;AGR1
1;13400;2;1;-1.2192;0;AGR1
1;13400;2;1;-0.9144;0;AGR1
1;13400;2;1;-0.6096;0;AGR1
1;13400;2;1;-0.3048;0;AGR1
1;13400;2;1;0;0.06;AGR1
1;13400;2;1;0.3048;0.2;AGR1
1;13400;2;1;0.6096;0.43;AGR1
1;13400;2;1;0.9144;0.58;AGR1
1;13400;2;1;1.2192;0.65;AGR1
1;13400;2;1;1.524;0.66;AGR1
1;13400;2;1;1.8288;0.66;AGR1
1;13400;2;1;2.1336;0.67;AGR1
1;13400;2;1;2.4384;0.7;AGR1
1;13400;2;1;2.7432;0.75;AGR1
1;13400;2;1;3.048;0.76;AGR1
1;13400;2;1;3.3528;0.76;AGR1
1;13400;2;1;3.6576;0.76;AGR1
1;13400;2;1;3.9624;0.77;AGR1
1;13400;2;1;4.2672;0.77;AGR1
1;13400;2;1;4.572;0.77;AGR1
1;13400;2;1;4.8768;0.78;AGR1
1;13400;2;1;5.1816;0.78;AGR1
1;13400;2;1;5.4864;0.78;AGR1
1;13400;2;1;5.7912;0.79;AGR1
1;13400;2;1;6.096;0.79;AGR1
1;13400;2;1;6.4008;0.79;AGR1
1;13400;2;1;6.7056;0.79;AGR1
1;13400;2;1;7.0104;0.8;AGR1
1;14100;1;1;-1.2192;0;AGR1
1;14100;1;1;-0.9144;0;AGR1
1;14100;1;1;-0.6096;0;AGR1
1;14100;1;1;-0.3048;0;AGR1
1;14100;1;1;0;0;AGR1
1;14100;1;1;0.3048;0.06;AGR1
1;14100;1;1;0.6096;0.11;AGR1
1;14100;1;1;0.9144;0.15;AGR1
1;14100;1;1;1.2192;0.19;AGR1
1;14100;1;1;1.524;0.25;AGR1
1;14100;1;1;1.8288;0.3;AGR1
1;14100;1;1;2.1336;0.35;AGR1
1;14100;1;1;2.4384;0.41;AGR1
1;14100;1;1;2.7432;0.46;AGR1
1;14100;1;1;3.048;0.51;AGR1
1;14100;1;1;3.3528;0.57;AGR1
1;14100;1;1;3.6576;0.63;AGR1
1;14100;1;1;3.9624;0.7;AGR1
1;14100;1;1;4.2672;0.75;AGR1
1;14100;1;1;4.572;0.79;AGR1
1;14100;1;1;4.8768;0.82;AGR1
1;14100;1;1;5.1816;0.84;AGR1
1;14100;1;1;5.4864;0.87;AGR1
1;14100;1;1;5.7912;0.89;AGR1
1;14100;1;1;6.096;0.9;AGR1
1;14100;1;1;6.4008;0.92;AGR1
1;14100;1;1;6.7056;0.93;AGR1
1;14100;1;1;7.0104;0.95;AGR1
1;14100;1;1;7.3152;0.96;AGR1
1;14100;2;1;-1.2192;0;AGR1
1;14100;2;1;-0.9144;0;AGR1
1;14100;2;1;-0.6096;0;AGR1
1;14100;2;1;-0.3048;0;AGR1
1;14100;2;1;0;0.06;AGR1
1;14100;2;1;0.3048;0.2;AGR1
1;14100;2;1;0.6096;0.43;AGR1
1;14100;2;1;0.9144;0.58;AGR1
1;14100;2;1;1.2192;0.65;AGR1
1;14100;2;1;1.524;0.66;AGR1
1;14100;2;1;1.8288;0.66;AGR1
1;14100;2;1;2.1336;0.67;AGR1
1;14100;2;1;2.4384;0.7;AGR1
1;14100;2;1;2.7432;0.75;AGR1
1;14100;2;1;3.048;0.76;AGR1
1;14100;2;1;3.3528;0.76;AGR1
1;14100;2;1;3.6576;0.76;AGR1
1;14100;2;1;3.9624;0.77;AGR1
1;14100;2;1;4.2672;0.77;AGR1
1;14100;2;1;4.572;0.77;AGR1
1;14100;2;1;4.8768;0.78;AGR1
1;14100;2;1;5.1816;0.78;AGR1
1;14100;2;1;5.4864;0.78;AGR1
1;14100;2;1;5.7912;0.79;AGR1
1;14100;2;1;6.096;0.79;AGR1
1;14100;2;1;6.4008;0.79;AGR1
1;14100;2;1;6.7056;0.79;AGR1
1;14100;2;1;7.0104;0.8;AGR1
1;14200;1;1;-1.2192;0;COM8
1;14200;1;1;-0.9144;0;COM8
1;14200;1;1;-0.6096;0;COM8
1;14200;1;1;-0.3048;0;COM8
1;14200;1;1;0;0.01;COM8
1;14200;1;1;0.3048;0.09;COM8
1;14200;1;1;0.6096;0.11;COM8
1;14200;1;1;0.9144;0.12;COM8
1;14200;1;1;1.2192;0.14;COM8
1;14200;1;1;1.524;0.16;COM8
1;14200;1;1;1.8288;0.18;COM8
1;14200;1;1;2.1336;0.2;COM8
1;14200;1;1;2.4384;0.22;COM8
1;14200;1;1;2.7432;0.26;COM8
1;14200;1;1;3.048;0.29;COM8
1;14200;1;1;3.3528;0.33;COM8
1;14200;1;1;3.6576;0.37;COM8
1;14200;1;1;3.9624;0.41;COM8
1;14200;1;1;4.2672;0.45;COM8
1;14200;1;1;4.572;0.5;COM8
1;14200;1;1;4.8768;0.53;COM8
1;14200;1;1;5.1816;0.57;COM8
1;14200;1;1;5.4864;0.6;COM8
1;14200;1;1;5.7912;0.63;COM8
1;14200;1;1;6.096;0.66;COM8
1;14200;1;1;6.4008;0.69;COM8
1;14200;1;1;6.7056;0.73;COM8
1;14200;1;1;7.0104;0.76;COM8
1;14200;1;1;7.3152;0.78;COM8
1;14200;2;1;-1.2192;0;COM8
1;14200;2;1;-0.9144;0;COM8
1;14200;2;1;-0.6096;0;COM8
1;14200;2;1;-0.3048;0;COM8
1;14200;2;1;0;0.13;COM8
1;14200;2;1;0.3048;0.45;COM8
1;14200;2;1;0.6096;0.55;COM8
1;14200;2;1;0.9144;0.64;COM8
1;14200;2;1;1.2192;0.73;COM8
1;14200;2;1;1.524;0.77;COM8
1;14200;2;1;1.8288;0.8;COM8
1;14200;2;1;2.1336;0.82;COM8
1;14200;2;1;2.4384;0.83;COM8
1;14200;2;1;2.7432;0.85;COM8
1;14200;2;1;3.048;0.87;COM8
1;14200;2;1;3.3528;0.89;COM8
1;14200;2;1;3.6576;0.9;COM8
1;14200;2;1;3.9624;0.91;COM8
1;14200;2;1;4.2672;0.92;COM8
1;14200;2;1;4.572;0.93;COM8
1;14200;2;1;4.8768;0.94;COM8
1;14200;2;1;5.1816;0.95;COM8
1;14200;2;1;5.4864;0.96;COM8
1;14200;2;1;5.7912;0.96;COM8
1;14200;2;1;6.096;0.96;COM8
1;14200;2;1;6.4008;0.96;COM8
1;14200;2;1;6.7056;0.96;COM8
1;14200;2;1;7.0104;0.96;COM8
1;14200;2;1;7.3152;0.96;COM8
1;20000;1;1;-1.2192;0;AGR1
1;20000;1;1;-0.9144;0;AGR1
1;20000;1;1;-0.6096;0;AGR1
1;20000;1;1;-0.3048;0;AGR1
1;20000;1;1;0;0;AGR1
1;20000;1;1;0.3048;0.06;AGR1
1;20000;1;1;0.6096;0.11;AGR1
1;20000;1;1;0.9144;0.15;AGR1
1;20000;1;1;1.2192;0.19;AGR1
1;20000;1;1;1.524;0.25;AGR1
1;20000;1;1;1.8288;0.3;AGR1
1;20000;1;1;2.1336;0.35;AGR1
1;20000;1;1;2.4384;0.41;AGR1
1;20000;1;1;2.7432;0.46;AGR1
1;20000;1;1;3.048;0.51;AGR1
1;20000;1;1;3.3528;0.57;AGR1
1;20000;1;1;3.6576;0.63;AGR1
1;20000;1;1;3.9624;0.7;AGR1
1;20000;1;1;4.2672;0.75;AGR1
1;20000;1;1;4.572;0.79;AGR1
1;20000;1;1;4.8768;0.82;AGR1
1;20000;1;1;5.1816;0.84;AGR1
1;20000;1;1;5.4864;0.87;AGR1
1;20000;1;1;5.7912;0.89;AGR1
1;20000;1;1;6.096;0.9;AGR1
1;20000;1;1;6.4008;0.92;AGR1
1;20000;1;1;6.7056;0.93;AGR1
1;20000;1;1;7.0104;0.95;AGR1
1;20000;1;1;7.3152;0.96;AGR1
1;20000;2;1;-1.2192;0;AGR1
1;20000;2;1;-0.9144;0;AGR1
1;20000;2;1;-0.6096;0;AGR1
1;20000;2;1;-0.3048;0;AGR1
1;20000;2;1;0;0.06;AGR1
1;20000;2;1;0.3048;0.2;AGR1
1;20000;2;1;0.6096;0.43;AGR1
1;20000;2;1;0.9144;0.58;AGR1
1;20000;2;1;1.2192;0.65;AGR1
1;20000;2;1;1.524;0.66;AGR1
1;20000;2;1;1.8288;0.66;AGR1
1;20000;2;1;2.1336;0.67;AGR1
1;20000;2;1;2.4384;0.7;AGR1
1;20000;2;1;2.7432;0.75;AGR1
1;20000;2;1;3.048;0.76;AGR1
1;20000;2;1;3.3528;0.76;AGR1
1;20000;2;1;3.6576;0.76;AGR1
1;20000;2;1;3.9624;0.77;AGR1
1;20000;2;1;4.2672;0.77;AGR1
1;20000;2;1;4.572;0.77;AGR1
1;20000;2;1;4.8768;0.78;AGR1
1;20000;2;1;5.1816;0.78;AGR1
1;20000;2;1;5.4864;0.78;AGR1
1;20000;2;1;5.7912;0.79;AGR1
1;20000;2;1;6.096;0.79;AGR1
1;20000;2;1;6.4008;0.79;AGR1
1;20000;2;1;6.7056;0.79;AGR1
1;20000;2;1;7.0104;0.8;AGR1
1;30000;1;1;-1.2192;0;AGR1
1;30000;1;1;-0.9144;0;AGR1
1;30000;1;1;-0.6096;0;AGR1
1;30000;1;1;-0.3048;0;AGR1
1;30000;1;1;0;0;AGR1
1;30000;1;1;0.3048;0.06;AGR1
1;30000;1;1;0.6096;0.11;AGR1
1;30000;1;1;0.9144;0.15;AGR1
1;30000;1;1;1.2192;0.19;AGR1
1;30000;1;1;1.524;0.25;AGR1
1;30000;1;1;1.8288;0.3;AGR1
1;30000;1;1;2.1336;0.35;AGR1
1;30000;1;1;2.4384;0.41;AGR1
1;30000;1;1;2.7432;0.46;AGR1
1;30000;1;1;3.048;0.51;AGR1
1;30000;1;1;3.3528;0.57;AGR1
1;30000;1;1;3.6576;0.63;AGR1
1;30000;1;1;3.9624;0.7;AGR1
1;30000;1;1;4.2672;0.75;AGR1
1;30000;1;1;4.572;0.79;AGR1
1;30000;1;1;4.8768;0.82;AGR1
1;30000;1;1;5.1816;0.84;AGR1
1;30000;1;1;5.4864;0.87;AGR1
1;30000;1;1;5.7912;0.89;AGR1
1;30000;1;1;6.096;0.9;AGR1
1;30000;1;1;6.4008;0.92;AGR1
1;30000;1;1;6.7056;0.93;AGR1
1;30000;1;1;7.0104;0.95;AGR1
1;30000;1;1;7.3152;0.96;AGR1
1;30000;2;1;-1.2192;0;AGR1
1;30000;2;1;-0.9144;0;AGR1
1;30000;2;1;-0.6096;0;AGR1
1;30000;2;1;-0.3048;0;AGR1
1;30000;2;1;0;0.06;AGR1
1;30000;2;1;0.3048;0.2;AGR1
1;30000;2;1;0.6096;0.43;AGR1
1;30000;2;1;0.9144;0.58;AGR1
1;30000;2;1;1.2192;0.65;AGR1
1;30000;2;1;1.524;0.66;AGR1
1;30000;2;1;1.8288;0.66;AGR1
1;30000;2;1;2.1336;0.67;AGR1
1;30000;2;1;2.4384;0.7;AGR1
1;30000;2;1;2.7432;0.75;AGR1
1;30000;2;1;3.048;0.76;AGR1
1;30000;2;1;3.3528;0.76;AGR1
1;30000;2;1;3.6576;0.76;AGR1
1;30000;2;1;3.9624;0.77;AGR1
1;30000;2;1;4.2672;0.77;AGR1
1;30000;2;1;4.572;0.77;AGR1
1;30000;2;1;4.8768;0.78;AGR1
1;30000;2;1;5.1816;0.78;AGR1
1;30000;2;1;5.4864;0.78;AGR1
1;30000;2;1;5.7912;0.79;AGR1
1;30000;2;1;6.096;0.79;AGR1
1;30000;2;1;6.4008;0.79;AGR1
1;30000;2;1;6.7056;0.79;AGR1
1;30000;2;1;7.0104;0.8;AGR1
1;40000;1;1;-1.2192;0;AGR1
1;40000;1;1;-0.9144;0;AGR1
1;40000;1;1;-0.6096;0;AGR1
1;40000;1;1;-0.3048;0;AGR1
1;40000;1;1;0;0;AGR1
1;40000;1;1;0.3048;0.06;AGR1
1;40000;1;1;0.6096;0.11;AGR1
1;40000;1;1;0.9144;0.15;AGR1
1;40000;1;1;1.2192;0.19;AGR1
1;40000;1;1;1.524;0.25;AGR1
1;40000;1;1;1.8288;0.3;AGR1
1;40000;1;1;2.1336;0.35;AGR1
1;40000;1;1;2.4384;0.41;AGR1
1;40000;1;1;2.7432;0.46;AGR1
1;40000;1;1;3.048;0.51;AGR1
1;40000;1;1;3.3528;0.57;AGR1
1;40000;1;1;3.6576;0.63;AGR1
1;40000;1;1;3.9624;0.7;AGR1
1;40000;1;1;4.2672;0.75;AGR1
1;40000;1;1;4.572;0.79;AGR1
1;40000;1;1;4.8768;0.82;AGR1
1;40000;1;1;5.1816;0.84;AGR1
1;40000;1;1;5.4864;0.87;AGR1
1;40000;1;1;5.7912;0.89;AGR1
1;40000;1;1;6.096;0.9;AGR1
1;40000;1;1;6.4008;0.92;AGR1
1;40000;1;1;6.7056;0.93;AGR1
1;40000;1;1;7.0104;0.95;AGR1
1;40000;1;1;7.3152;0.96;AGR1
1;40000;2;1;-1.2192;0;AGR1
1;40000;2;1;-0.9144;0;AGR1
1;40000;2;1;-0.6096;0;AGR1
1;40000;2;1;-0.3048;0;AGR1
1;40000;2;1;0;0.06;AGR1
1;40000;2;1;0.3048;0.2;AGR1
1;40000;2;1;0.6096;0.43;AGR1
1;40000;2;1;0.9144;0.58;AGR1
1;40000;2;1;1.2192;0.65;AGR1
1;40000;2;1;1.524;0.66;AGR1
1;40000;2;1;1.8288;0.66;AGR1
1;40000;2;1;2.1336;0.67;AGR1
1;40000;2;1;2.4384;0.7;AGR1
1;40000;2;1;2.7432;0.75;AGR1
1;40000;2;1;3.048;0.76;AGR1
1;40000;2;1;3.3528;0.76;AGR1
1;40000;2;1;3.6576;0.76;AGR1
1;40000;2;1;3.9624;0.77;AGR1
1;40000;2;1;4.2672;0.77;AGR1
1;40000;2;1;4.572;0.77;AGR1
1;40000;2;1;4.8768;0.78;AGR1
1;40000;2;1;5.1816;0.78;AGR1
1;40000;2;1;5.4864;0.78;AGR1
1;40000;2;1;5.7912;0.79;AGR1
1;40000;2;1;6.096;0.79;AGR1
1;40000;2;1;6.4008;0.79;AGR1
1;40000;2;1;6.7056;0.79;AGR1
1;40000;2;1;7.0104;0.8;AGR1
1;50000;1;1;-1.2192;0;AGR1
1;50000;1;1;-0.9144;0;AGR1
1;50000;1;1;-0.6096;0;AGR1
1;50000;1;1;-0.3048;0;AGR1
1;50000;1;1;0;0;AGR1
1;50000;1;1;0.3048;0.06;AGR1
1;50000;1;1;0.6096;0.11;AGR1
1;50000;1;1;0.9144;0.15;AGR1
1;50000;1;1;1.2192;0.19;AGR1
1;50000;1;1;1.524;0.25;AGR1
1;50000;1;1;1.8288;0.3;AGR1
1;50000;1;1;2.1336;0.35;AGR1
1;50000;1;1;2.4384;0.41;AGR1
1;50000;1;1;2.7432;0.46;AGR1
1;50000;1;1;3.048;0.51;AGR1
1;50000;1;1;3.3528;0.57;AGR1
1;50000;1;1;3.6576;0.63;AGR1
1;50000;1;1;3.9624;0.7;AGR1
1;50000;1;1;4.2672;0.75;AGR1
1;50000;1;1;4.572;0.79;AGR1
1;50000;1;1;4.8768;0.82;AGR1
1;50000;1;1;5.1816;0.84;AGR1
1;50000;1;1;5.4864;0.87;AGR1
1;50000;1;1;5.7912;0.89;AGR1
1;50000;1;1;6.096;0.9;AGR1
1;50000;1;1;6.4008;0.92;AGR1
1;50000;1;1;6.7056;0.93;AGR1
1;50000;1;1;7.0104;0.95;AGR1
1;50000;1;1;7.3152;0.96;AGR1
1;50000;2;1;-1.2192;0;AGR1
1;50000;2;1;-0.9144;0;AGR1
1;50000;2;1;-0.6096;0;AGR1
1;50000;2;1;-0.3048;0;AGR1
1;50000;2;1;0;0.06;AGR1
1;50000;2;1;0.3048;0.2;AGR1
1;50000;2;1;0.6096;0.43;AGR1
1;50000;2;1;0.9144;0.58;AGR1
1;50000;2;1;1.2192;0.65;AGR1
1;50000;2;1;1.524;0.66;AGR1
1;50000;2;1;1.8288;0.66;AGR1
1;50000;2;1;2.1336;0.67;AGR1
1;50000;2;1;2.4384;0.7;AGR1
1;50000;2;1;2.7432;0.75;AGR1
1;50000;2;1;3.048;0.76;AGR1
1;50000;2;1;3.3528;0.76;AGR1
1;50000;2;1;3.6576;0.76;AGR1
1;50000;2;1;3.9624;0.77;AGR1
1;50000;2;1;4.2672;0.77;AGR1
1;50000;2;1;4.572;0.77;AGR1
1;50000;2;1;4.8768;0.78;AGR1
1;50000;2;1;5.1816;0.78;AGR1
1;50000;2;1;5.4864;0.78;AGR1
1;50000;2;1;5.7912;0.79;AGR1
1;50000;2;1;6.096;0.79;AGR1
1;50000;2;1;6.4008;0.79;AGR1
1;50000;2;1;6.7056;0.79;AGR1
1;50000;2;1;7.0104;0.8;AGR1
2;11100;1;1;0.49;0.21;RES4
2;11100;1;1;0.76;0.25;RES4
2;11100;1;1;1.03;0.29;RES4
2;11100;1;1;1.29;0.35;RES4
2;11100;1;1;1.71;0.41;RES4
2;11100;1;1;2.18;0.47;RES4
2;11100;1;1;2.79;0.56;RES4
2;11100;1;1;3.31;0.61;RES4
2;11100;1;1;3.88;0.67;RES4
2;11100;1;1;4.39;0.72;RES4
2;11100;1;1;4.99;0.77;RES4
2;11100;1;1;5.76;0.82;RES4
2;11100;1;1;6.38;0.85;RES4
2;11100;1;1;6.97;0.89;RES4
2;11100;1;1;7.59;0.91;RES4
2;11100;1;1;8.52;0.94;RES4
2;11100;1;1;9.28;0.96;RES4
2;11100;1;1;10.28;0.97;RES4
2;11100;1;1;11.49;0.99;RES4
2;11100;1;1;12.48;1;RES4
2;11100;1;1;13.81;1;RES4
2;11100;1;1;15.06;1;RES4
2;11100;1;1;16.24;1;RES4
2;11100;1;1;17.48;1;RES4
2;11100;2;1;0.49;0.21;RES4
2;11100;2;1;0.76;0.25;RES4
2;11100;2;1;1.03;0.29;RES4
2;11100;2;1;1.29;0.35;RES4
2;11100;2;1;1.71;0.41;RES4
2;11100;2;1;2.18;0.47;RES4
2;11100;2;1;2.79;0.56;RES4
2;11100;2;1;3.31;0.61;RES4
2;11100;2;1;3.88;0.67;RES4
2;11100;2;1;4.39;0.72;RES4
2;11100;2;1;4.99;0.77;RES4
2;11100;2;1;5.76;0.82;RES4
2;11100;2;1;6.38;0.85;RES4
2;11100;2;1;6.97;0.89;RES4
2;11100;2;1;7.59;0.91;RES4
2;11100;2;1;8.52;0.94;RES4
2;11100;2;1;9.28;0.96;RES4
2;11100;2;1;10.28;0.97;RES4
2;11100;2;1;11.49;0.99;RES4
2;11100;2;1;12.48;1;RES4
2;11100;2;1;13.81;1;RES4
2;11100;2;1;15.06;1;RES4
2;11100;2;1;16.24;1;RES4
2;11100;2;1;17.48;1;RES4
2;11210;1;1;0.49;0.21;RES4
2;11210;1;1;0.76;0.25;RES4
2;11210;1;1;1.03;0.29;RES4
2;11210;1;1;1.29;0.35;RES4
2;11210;1;1;1.71;0.41;RES4
2;11210;1;1;2.18;0.47;RES4
2;11210;1;1;2.79;0.56;RES4
2;11210;1;1;3.31;0.61;RES4
2;11210;1;1;3.88;0.67;RES4
2;11210;1;1;4.39;0.72;RES4
2;11210;1;1;4.99;0.77;RES4
2;11210;1;1;5.76;0.82;RES4
2;11210;1;1;6.38;0.85;RES4
2;11210;1;1;6.97;0.89;RES4
2;11210;1;1;7.59;0.91;RES4
2;11210;1;1;8.52;0.94;RES4
2;11210;1;1;9.28;0.96;RES4
2;11210;1;1;10.28;0.97;RES4
2;11210;1;1;11.49;0.99;RES4
2;11210;1;1;12.48;1;RES4
2;11210;1;1;13.81;1;RES4
2;11210;1;1;15.06;1;RES4
2;11210;1;1;16.24;1;RES4
2;11210;1;1;17.48;1;RES4
2;11210;2;1;0.49;0.21;RES4
2;11210;2;1;0.76;0.25;RES4
2;11210;2;1;1.03;0.29;RES4
2;11210;2;1;1.29;0.35;RES4
2;11210;2;1;1.71;0.41;RES4
2;11210;2;1;2.18;0.47;RES4
2;11210;2;1;2.79;0.56;RES4
2;11210;2;1;3.31;0.61;RES4
2;11210;2;1;3.88;0.67;RES4
2;11210;2;1;4.39;0.72;RES4
2;11210;2;1;4.99;0.77;RES4
2;11210;2;1;5.76;0.82;RES4
2;11210;2;1;6.38;0.85;RES4
2;11210;2;1;6.97;0.89;RES4
2;11210;2;1;7.59;0.91;RES4
2;11210;2;1;8.52;0.94;RES4
2;11210;2;1;9.28;0.96;RES4
2;11210;2;1;10.28;0.97;RES4
2;11210;2;1;11.49;0.99;RES4
2;11210;2;1;12.48;1;RES4
2;11210;2;1;13.81;1;RES4
2;11210;2;1;15.06;1;RES4
2;11210;2;1;16.24;1;RES4
2;11210;2;1;17.48;1;RES4
2;11220;1;1;0.5;0.3;RES3
2;11220;1;1;0.66;0.33;RES3
2;11220;1;1;0.91;0.38;RES3
2;11220;1;1;1.12;0.43;RES3
2;11220;1;1;1.42;0.5;RES3
2;11220;1;1;1.7;0.55;RES3
2;11220;1;1;2.01;0.6;RES3
2;11220;1;1;2.3;0.65;RES3
2;11220;1;1;2.55;0.69;RES3
2;11220;1;1;2.87;0.73;RES3
2;11220;1;1;3.35;0.78;RES3
2;11220;1;1;3.75;0.82;RES3
2;11220;1;1;4.17;0.86;RES3
2;11220;1;1;4.6;0.89;RES3
2;11220;1;1;5.19;0.92;RES3
2;11220;1;1;5.59;0.94;RES3
2;11220;1;1;6.03;0.95;RES3
2;11220;1;1;6.53;0.97;RES3
2;11220;1;1;7.13;0.98;RES3
2;11220;1;1;7.59;0.99;RES3
2;11220;1;1;8.1;0.99;RES3
2;11220;1;1;8.64;1;RES3
2;11220;1;1;9.26;1;RES3
2;11220;1;1;10.04;1;RES3
2;11220;1;1;10.93;1;RES3
2;11220;1;1;11.51;1;RES3
2;11220;2;1;0.5;0.3;RES3
2;11220;2;1;0.66;0.33;RES3
2;11220;2;1;0.91;0.38;RES3
2;11220;2;1;1.12;0.43;RES3
2;11220;2;1;1.42;0.5;RES3
2;11220;2;1;1.7;0.55;RES3
2;11220;2;1;2.01;0.6;RES3
2;11220;2;1;2.3;0.65;RES3
2;11220;2;1;2.55;0.69;RES3
2;11220;2;1;2.87;0.73;RES3
2;11220;2;1;3.35;0.78;RES3
2;11220;2;1;3.75;0.82;RES3
2;11220;2;1;4.17;0.86;RES3
2;11220;2;1;4.6;0.89;RES3
2;11220;2;1;5.19;0.92;RES3
2;11220;2;1;5.59;0.94;RES3
2;11220;2;1;6.03;0.95;RES3
2;11220;2;1;6.53;0.97;RES3
2;11220;2;1;7.13;0.98;RES3
2;11220;2;1;7.59;0.99;RES3
2;11220;2;1;8.1;0.99;RES3
2;11220;2;1;8.64;1;RES3
2;11220;2;1;9.26;1;RES3
2;11220;2;1;10.04;1;RES3
2;11220;2;1;10.93;1;RES3
2;11220;2;1;11.51;1;RES3
2;11230;1;1;0.01;0;RES2
2;11230;1;1;0.04;0.03;RES2
2;11230;1;1;0.1;0.06;RES2
2;11230;1;1;0.16;0.08;RES2
2;11230;1;1;0.22;0.12;RES2
2;11230;1;1;0.3;0.16;RES2
2;11230;1;1;0.45;0.23;RES2
2;11230;1;1;0.52;0.28;RES2
2;11230;1;1;0.71;0.37;RES2
2;11230;1;1;0.87;0.45;RES2
2;11230;1;1;0.93;0.48;RES2
2;11230;1;1;1;0.52;RES2
2;11230;1;1;1.18;0.57;RES2
2;11230;1;1;1.36;0.62;RES2
2;11230;1;1;1.48;0.66;RES2
2;11230;1;1;1.6;0.69;RES2
2;11230;1;1;1.74;0.73;RES2
2;11230;1;1;1.85;0.76;RES2
2;11230;1;1;1.98;0.8;RES2
2;11230;1;1;2.09;0.82;RES2
2;11230;1;1;2.27;0.84;RES2
2;11230;1;1;2.47;0.87;RES2
2;11230;1;1;2.75;0.91;RES2
2;11230;1;1;2.96;0.93;RES2
2;11230;1;1;3.13;0.94;RES2
2;11230;1;1;3.41;0.96;RES2
2;11230;1;1;3.67;0.97;RES2
2;11230;1;1;3.95;0.99;RES2
2;11230;1;1;4.08;0.99;RES2
2;11230;1;1;4.28;0.99;RES2
2;11230;1;1;4.66;1;RES2
2;11230;1;1;5.1;1;RES2
2;11230;1;1;5.47;1;RES2
2;11230;1;1;5.78;1;RES2
2;11230;1;1;5.99;1;RES2
2;11230;2;1;0.01;0;RES2
2;11230;2;1;0.04;0.03;RES2
2;11230;2;1;0.1;0.06;RES2
2;11230;2;1;0.16;0.08;RES2
2;11230;2;1;0.22;0.12;RES2
2;11230;2;1;0.3;0.16;RES2
2;11230;2;1;0.45;0.23;RES2
2;11230;2;1;0.52;0.28;RES2
2;11230;2;1;0.71;0.37;RES2
2;11230;2;1;0.87;0.45;RES2
2;11230;2;1;0.93;0.48;RES2
2;11230;2;1;1;0.52;RES2
2;11230;2;1;1.18;0.57;RES2
2;11230;2;1;1.36;0.62;RES2
2;11230;2;1;1.48;0.66;RES2
2;11230;2;1;1.6;0.69;RES2
2;11230;2;1;1.74;0.73;RES2
2;11230;2;1;1.85;0.76;RES2
2;11230;2;1;1.98;0.8;RES2
2;11230;2;1;2.09;0.82;RES2
2;11230;2;1;2.27;0.84;RES2
2;11230;2;1;2.47;0.87;RES2
2;11230;2;1;2.75;0.91;RES2
2;11230;2;1;2.96;0.93;RES2
2;11230;2;1;3.13;0.94;RES2
2;11230;2;1;3.41;0.96;RES2
2;11230;2;1;3.67;0.97;RES2
2;11230;2;1;3.95;0.99;RES2
2;11230;2;1;4.08;0.99;RES2
2;11230;2;1;4.28;0.99;RES2
2;11230;2;1;4.66;1;RES2
2;11230;2;1;5.1;1;RES2
2;11230;2;1;5.47;1;RES2
2;11230;2;1;5.78;1;RES2
2;11230;2;1;5.99;1;RES2
2;11240;1;1;0;0;RES1
2;11240;1;1;0.31;0.01;RES1
2;11240;1;1;0.82;0.03;RES1
2;11240;1;1;1.24;0.04;RES1
2;11240;1;1;1.52;0.05;RES1
2;11240;1;1;1.78;0.07;RES1
2;11240;1;1;2.07;0.08;RES1
2;11240;1;1;2.27;0.12;RES1
2;11240;1;1;2.54;0.15;RES1
2;11240;1;1;2.78;0.2;RES1
2;11240;1;1;3;0.24;RES1
2;11240;1;1;3.31;0.31;RES1
2;11240;1;1;3.63;0.37;RES1
2;11240;1;1;3.8;0.41;RES1
2;11240;1;1;4.02;0.47;RES1
2;11240;1;1;4.14;0.51;RES1
2;11240;1;1;4.25;0.56;RES1
2;11240;1;1;4.4;0.61;RES1
2;11240;1;1;4.6;0.66;RES1
2;11240;1;1;4.83;0.68;RES1
2;11240;1;1;5.28;0.68;RES1
2;11240;1;1;5.93;0.68;RES1
2;11240;1;1;5.93;0.68;RES1
2;11240;2;1;0;0;RES1
2;11240;2;1;0.11;0.03;RES1
2;11240;2;1;0.26;0.07;RES1
2;11240;2;1;0.47;0.11;RES1
2;11240;2;1;0.76;0.14;RES1
2;11240;2;1;1.01;0.15;RES1
2;11240;2;1;1.33;0.15;RES1
2;11240;2;1;1.72;0.16;RES1
2;11240;2;1;2.09;0.16;RES1
2;11240;2;1;2.45;0.18;RES1
2;11240;2;1;2.68;0.19;RES1
2;11240;2;1;2.93;0.21;RES1
2;11240;2;1;3.19;0.22;RES1
2;11240;2;1;3.54;0.24;RES1
2;11240;2;1;3.91;0.26;RES1
2;11240;2;1;4.21;0.28;RES1
2;11240;2;1;4.46;0.3;RES1
2;11240;2;1;4.66;0.31;RES1
2;11240;2;1;5.32;0.32;RES1
2;11240;2;1;5.83;0.32;RES1
2;11240;2;1;5.97;0.32;RES1
2;11300;1;1;0;0;RES1
2;11300;1;1;0.31;0.01;RES1
2;11300;1;1;0.82;0.03;RES1
2;11300;1;1;1.24;0.04;RES1
2;11300;1;1;1.52;0.05;RES1
2;11300;1;1;1.78;0.07;RES1
2;11300;1;1;2.07;0.08;RES1
2;11300;1;1;2.27;0.12;RES1
2;11300;1;1;2.54;0.15;RES1
2;11300;1;1;2.78;0.2;RES1
2;11300;1;1;3;0.24;RES1
2;11300;1;1;3.31;0.31;RES1
2;11300;1;1;3.63;0.37;RES1
2;11300;1;1;3.8;0.41;RES1
2;11300;1;1;4.02;0.47;RES1
2;11300;1;1;4.14;0.51;RES1
2;11300;1;1;4.25;0.56;RES1
2;11300;1;1;4.4;0.61;RES1
2;11300;1;1;4.6;0.66;RES1
2;11300;1;1;4.83;0.68;RES1
2;11300;1;1;5.28;0.68;RES1
2;11300;1;1;5.93;0.68;RES1
2;11300;1;1;5.93;0.68;RES1
2;11300;2;1;0;0;RES1
2;11300;2;1;0.11;0.03;RES1
2;11300;2;1;0.26;0.07;RES1
2;11300;2;1;0.47;0.11;RES1
2;11300;2;1;0.76;0.14;RES1
2;11300;2;1;1.01;0.15;RES1
2;11300;2;1;1.33;0.15;RES1
2;11300;2;1;1.72;0.16;RES1
2;11300;2;1;2.09;0.16;RES1
2;11300;2;1;2.45;0.18;RES1
2;11300;2;1;2.68;0.19;RES1
2;11300;2;1;2.93;0.21;RES1
2;11300;2;1;3.19;0.22;RES1
2;11300;2;1;3.54;0.24;RES1
2;11300;2;1;3.91;0.26;RES1
2;11300;2;1;4.21;0.28;RES1
2;11300;2;1;4.46;0.3;RES1
2;11300;2;1;4.66;0.31;RES1
2;11300;2;1;5.32;0.32;RES1
2;11300;2;1;5.83;0.32;RES1
2;11300;2;1;5.97;0.32;RES1
2;12100;1;1;0;0;COMP
2;12100;1;1;0.5;0.05;COMP
2;12100;1;1;1;0.1;COMP
2;12100;1;1;1.5;0.15;COMP
2;12100;1;1;2;0.16;COMP
2;12100;1;1;2.5;0.19;COMP
2;12100;1;1;3;0.22;COMP
2;12100;1;1;3.5;0.415;COMP
2;12100;1;1;4;0.61;COMP
2;12100;1;1;4.5;0.805;COMP
2;12100;1;1;5;1;COMP
2;12100;1;1;5.5;1;COMP
2;12100;1;1;6;1;COMP
2;12100;2;1;0;0;COMP
2;12100;2;1;0.5;0.05;COMP
2;12100;2;1;1;0.1;COMP
2;12100;2;1;1.5;0.15;COMP
2;12100;2;1;2;0.16;COMP
2;12100;2;1;2.5;0.19;COMP
2;12100;2;1;3;0.22;COMP
2;12100;2;1;3.5;0.415;COMP
2;12100;2;1;4;0.61;COMP
2;12100;2;1;4.5;0.805;COMP
2;12100;2;1;5;1;COMP
2;12100;2;1;5.5;1;COMP
2;12100;2;1;6;1;COMP
2;12210;1;1;0;0;ROAD
2;12210;1;1;0.5;0.14;ROAD
2;12210;1;1;1;0.28;ROAD
2;12210;1;1;1.5;0.37;ROAD
2;12210;1;1;2;0.46;ROAD
2;12210;1;1;2.5;0.55;ROAD
2;12210;1;1;3;0.64;ROAD
2;12210;1;1;3.5;0.73;ROAD
2;12210;1;1;4;0.82;ROAD
2;12210;1;1;4.5;0.91;ROAD
2;12210;1;1;5;1;ROAD
2;12210;1;1;5.5;1;ROAD
2;12210;1;1;6;1;ROAD
2;12210;2;1;0;0;ROAD
2;12210;2;1;0.5;0.14;ROAD
2;12210;2;1;1;0.28;ROAD
2;12210;2;1;1.5;0.37;ROAD
2;12210;2;1;2;0.46;ROAD
2;12210;2;1;2.5;0.55;ROAD
2;12210;2;1;3;0.64;ROAD
2;12210;2;1;3.5;0.73;ROAD
2;12210;2;1;4;0.82;ROAD
2;12210;2;1;4.5;0.91;ROAD
2;12210;2;1;5;1;ROAD
2;12210;2;1;5.5;1;ROAD
2;12210;2;1;6;1;ROAD
2;12220;1;1;0;0;ROAD
2;12220;1;1;0.5;0.14;ROAD
2;12220;1;1;1;0.28;ROAD
2;12220;1;1;1.5;0.37;ROAD
2;12220;1;1;2;0.46;ROAD
2;12220;1;1;2.5;0.55;ROAD
2;12220;1;1;3;0.64;ROAD
2;12220;1;1;3.5;0.73;ROAD
2;12220;1;1;4;0.82;ROAD
2;12220;1;1;4.5;0.91;ROAD
2;12220;1;1;5;1;ROAD
2;12220;1;1;5.5;1;ROAD
2;12220;1;1;6;1;ROAD
2;12220;2;1;0;0;ROAD
2;12220;2;1;0.5;0.14;ROAD
2;12220;2;1;1;0.28;ROAD
2;12220;2;1;1.5;0.37;ROAD
2;12220;2;1;2;0.46;ROAD
2;12220;2;1;2.5;0.55;ROAD
2;12220;2;1;3;0.64;ROAD
2;12220;2;1;3.5;0.73;ROAD
2;12220;2;1;4;0.82;ROAD
2;12220;2;1;4.5;0.91;ROAD
2;12220;2;1;5;1;ROAD
2;12220;2;1;5.5;1;ROAD
2;12220;2;1;6;1;ROAD
2;12230;1;1;0;0;ROAD
2;12230;1;1;0.5;0.14;ROAD
2;12230;1;1;1;0.28;ROAD
2;12230;1;1;1.5;0.37;ROAD
2;12230;1;1;2;0.46;ROAD
2;12230;1;1;2.5;0.55;ROAD
2;12230;1;1;3;0.64;ROAD
2;12230;1;1;3.5;0.73;ROAD
2;12230;1;1;4;0.82;ROAD
2;12230;1;1;4.5;0.91;ROAD
2;12230;1;1;5;1;ROAD
2;12230;1;1;5.5;1;ROAD
2;12230;1;1;6;1;ROAD
2;12230;2;1;0;0;ROAD
2;12230;2;1;0.5;0.14;ROAD
2;12230;2;1;1;0.28;ROAD
2;12230;2;1;1.5;0.37;ROAD
2;12230;2;1;2;0.46;ROAD
2;12230;2;1;2.5;0.55;ROAD
2;12230;2;1;3;0.64;ROAD
2;12230;2;1;3.5;0.73;ROAD
2;12230;2;1;4;0.82;ROAD
2;12230;2;1;4.5;0.91;ROAD
2;12230;2;1;5;1;ROAD
2;12230;2;1;5.5;1;ROAD
2;12230;2;1;6;1;ROAD
2;12300;1;1;0;0;AGR
2;12300;1;1;0.5;0.5;AGR
2;12300;1;1;1;0.64;AGR
2;12300;1;1;1.5;0.76;AGR
2;12300;1;1;2;0.88;AGR
2;12300;1;1;2.5;0.925;AGR
2;12300;1;1;3;0.96;AGR
2;12300;1;1;3.5;0.995;AGR
2;12300;1;1;4;1;AGR
2;12300;1;1;4.5;1;AGR
2;12300;1;1;5;1;AGR
2;12300;1;1;5.5;1;AGR
2;12300;1;1;6;1;AGR
2;12300;2;1;0;0;AGR
2;12300;2;1;0.5;0.5;AGR
2;12300;2;1;1;0.64;AGR
2;12300;2;1;1.5;0.76;AGR
2;12300;2;1;2;0.88;AGR
2;12300;2;1;2.5;0.925;AGR
2;12300;2;1;3;0.96;AGR
2;12300;2;1;3.5;0.995;AGR
2;12300;2;1;4;1;AGR
2;12300;2;1;4.5;1;AGR
2;12300;2;1;5;1;AGR
2;12300;2;1;5.5;1;AGR
2;12300;2;1;6;1;AGR
2;12400;1;1;0;0;AGR
2;12400;1;1;0.5;0.5;AGR
2;12400;1;1;1;0.64;AGR
2;12400;1;1;1.5;0.76;AGR
2;12400;1;1;2;0.88;AGR
2;12400;1;1;2.5;0.925;AGR
2;12400;1;1;3;0.96;AGR
2;12400;1;1;3.5;0.995;AGR
2;12400;1;1;4;1;AGR
2;12400;1;1;4.5;1;AGR
2;12400;1;1;5;1;AGR
2;12400;1;1;5.5;1;AGR
2;12400;1;1;6;1;AGR
2;12400;2;1;0;0;AGR
2;12400;2;1;0.5;0.5;AGR
2;12400;2;1;1;0.64;AGR
2;12400;2;1;1.5;0.76;AGR
2;12400;2;1;2;0.88;AGR
2;12400;2;1;2.5;0.925;AGR
2;12400;2;1;3;0.96;AGR
2;12400;2;1;3.5;0.995;AGR
2;12400;2;1;4;1;AGR
2;12400;2;1;4.5;1;AGR
2;12400;2;1;5;1;AGR
2;12400;2;1;5.5;1;AGR
2;12400;2;1;6;1;AGR
2;13100;1;1;0;0;COMP
2;13100;1;1;0.5;0.05;COMP
2;13100;1;1;1;0.1;COMP
2;13100;1;1;1.5;0.15;COMP
2;13100;1;1;2;0.16;COMP
2;13100;1;1;2.5;0.19;COMP
2;13100;1;1;3;0.22;COMP
2;13100;1;1;3.5;0.415;COMP
2;13100;1;1;4;0.61;COMP
2;13100;1;1;4.5;0.805;COMP
2;13100;1;1;5;1;COMP
2;13100;1;1;5.5;1;COMP
2;13100;1;1;6;1;COMP
2;13100;2;1;0;0;COMP
2;13100;2;1;0.5;0.05;COMP
2;13100;2;1;1;0.1;COMP
2;13100;2;1;1.5;0.15;COMP
2;13100;2;1;2;0.16;COMP
2;13100;2;1;2.5;0.19;COMP
2;13100;2;1;3;0.22;COMP
2;13100;2;1;3.5;0.415;COMP
2;13100;2;1;4;0.61;COMP
2;13100;2;1;4.5;0.805;COMP
2;13100;2;1;5;1;COMP
2;13100;2;1;5.5;1;COMP
2;13100;2;1;6;1;COMP
2;13300;1;1;0;0;COMP
2;13300;1;1;0.5;0.05;COMP
2;13300;1;1;1;0.1;COMP
2;13300;1;1;1.5;0.15;COMP
2;13300;1;1;2;0.16;COMP
2;13300;1;1;2.5;0.19;COMP
2;13300;1;1;3;0.22;COMP
2;13300;1;1;3.5;0.415;COMP
2;13300;1;1;4;0.61;COMP
2;13300;1;1;4.5;0.805;COMP
2;13300;1;1;5;1;COMP
2;13300;1;1;5.5;1;COMP
2;13300;1;1;6;1;COMP
2;13300;2;1;0;0;COMP
2;13300;2;1;0.5;0.05;COMP
2;13300;2;1;1;0.1;COMP
2;13300;2;1;1.5;0.15;COMP
2;13300;2;1;2;0.16;COMP
2;13300;2;1;2.5;0.19;COMP
2;13300;2;1;3;0.22;COMP
2;13300;2;1;3.5;0.415;COMP
2;13300;2;1;4;0.61;COMP
2;13300;2;1;4.5;0.805;COMP
2;13300;2;1;5;1;COMP
2;13300;2;1;5.5;1;COMP
2;13300;2;1;6;1;COMP
2;13400;1;1;0;0;AGR
2;13400;1;1;0.5;0.5;AGR
2;13400;1;1;1;0.64;AGR
2;13400;1;1;1.5;0.76;AGR
2;13400;1;1;2;0.88;AGR
2;13400;1;1;2.5;0.925;AGR
2;13400;1;1;3;0.96;AGR
2;13400;1;1;3.5;0.995;AGR
2;13400;1;1;4;1;AGR
2;13400;1;1;4.5;1;AGR
2;13400;1;1;5;1;AGR
2;13400;1;1;5.5;1;AGR
2;13400;1;1;6;1;AGR
2;13400;2;1;0;0;AGR
2;13400;2;1;0.5;0.5;AGR
2;13400;2;1;1;0.64;AGR
2;13400;2;1;1.5;0.76;AGR
2;13400;2;1;2;0.88;AGR
2;13400;2;1;2.5;0.925;AGR
2;13400;2;1;3;0.96;AGR
2;13400;2;1;3.5;0.995;AGR
2;13400;2;1;4;1;AGR
2;13400;2;1;4.5;1;AGR
2;13400;2;1;5;1;AGR
2;13400;2;1;5.5;1;AGR
2;13400;2;1;6;1;AGR
2;14100;1;1;0;0;AGR
2;14100;1;1;0.5;0.5;AGR
2;14100;1;1;1;0.64;AGR
2;14100;1;1;1.5;0.76;AGR
2;14100;1;1;2;0.88;AGR
2;14100;1;1;2.5;0.925;AGR
2;14100;1;1;3;0.96;AGR
2;14100;1;1;3.5;0.995;AGR
2;14100;1;1;4;1;AGR
2;14100;1;1;4.5;1;AGR
2;14100;1;1;5;1;AGR
2;14100;1;1;5.5;1;AGR
2;14100;1;1;6;1;AGR
2;14100;2;1;0;0;AGR
2;14100;2;1;0.5;0.5;AGR
2;14100;2;1;1;0.64;AGR
2;14100;2;1;1.5;0.76;AGR
2;14100;2;1;2;0.88;AGR
2;14100;2;1;2.5;0.925;AGR
2;14100;2;1;3;0.96;AGR
2;14100;2;1;3.5;0.995;AGR
2;14100;2;1;4;1;AGR
2;14100;2;1;4.5;1;AGR
2;14100;2;1;5;1;AGR
2;14100;2;1;5.5;1;AGR
2;14100;2;1;6;1;AGR
2;14200;1;1;0;0;AGR
2;14200;1;1;0.5;0.5;AGR
2;14200;1;1;1;0.64;AGR
2;14200;1;1;1.5;0.76;AGR
2;14200;1;1;2;0.88;AGR
2;14200;1;1;2.5;0.925;AGR
2;14200;1;1;3;0.96;AGR
2;14200;1;1;3.5;0.995;AGR
2;14200;1;1;4;1;AGR
2;14200;1;1;4.5;1;AGR
2;14200;1;1;5;1;AGR
2;14200;1;1;5.5;1;AGR
2;14200;1;1;6;1;AGR
2;14200;2;1;0;0;AGR
2;14200;2;1;0.5;0.5;AGR
2;14200;2;1;1;0.64;AGR
2;14200;2;1;1.5;0.76;AGR
2;14200;2;1;2;0.88;AGR
2;14200;2;1;2.5;0.925;AGR
2;14200;2;1;3;0.96;AGR
2;14200;2;1;3.5;0.995;AGR
2;14200;2;1;4;1;AGR
2;14200;2;1;4.5;1;AGR
2;14200;2;1;5;1;AGR
2;14200;2;1;5.5;1;AGR
2;14200;2;1;6;1;AGR
2;20000;1;1;0;0;AGR
2;20000;1;1;0.5;0.5;AGR
2;20000;1;1;1;0.64;AGR
2;20000;1;1;1.5;0.76;AGR
2;20000;1;1;2;0.88;AGR
2;20000;1;1;2.5;0.925;AGR
2;20000;1;1;3;0.96;AGR
2;20000;1;1;3.5;0.995;AGR
2;20000;1;1;4;1;AGR
2;20000;1;1;4.5;1;AGR
2;20000;1;1;5;1;AGR
2;20000;1;1;5.5;1;AGR
2;20000;1;1;6;1;AGR
2;20000;2;1;0;0;AGR
2;20000;2;1;0.5;0.5;AGR
2;20000;2;1;1;0.64;AGR
2;20000;2;1;1.5;0.76;AGR
2;20000;2;1;2;0.88;AGR
2;20000;2;1;2.5;0.925;AGR
2;20000;2;1;3;0.96;AGR
2;20000;2;1;3.5;0.995;AGR
2;20000;2;1;4;1;AGR
2;20000;2;1;4.5;1;AGR
2;20000;2;1;5;1;AGR
2;20000;2;1;5.5;1;AGR
2;20000;2;1;6;1;AGR
2;30000;1;1;0;0;AGR
2;30000;1;1;0.5;0.5;AGR
2;30000;1;1;1;0.64;AGR
2;30000;1;1;1.5;0.76;AGR
2;30000;1;1;2;0.88;AGR
2;30000;1;1;2.5;0.925;AGR
2;30000;1;1;3;0.96;AGR
2;30000;1;1;3.5;0.995;AGR
2;30000;1;1;4;1;AGR
2;30000;1;1;4.5;1;AGR
2;30000;1;1;5;1;AGR
2;30000;1;1;5.5;1;AGR
2;30000;1;1;6;1;AGR
2;30000;2;1;0;0;AGR
2;30000;2;1;0.5;0.5;AGR
2;30000;2;1;1;0.64;AGR
2;30000;2;1;1.5;0.76;AGR
2;30000;2;1;2;0.88;AGR
2;30000;2;1;2.5;0.925;AGR
2;30000;2;1;3;0.96;AGR
2;30000;2;1;3.5;0.995;AGR
2;30000;2;1;4;1;AGR
2;30000;2;1;4.5;1;AGR
2;30000;2;1;5;1;AGR
2;30000;2;1;5.5;1;AGR
2;30000;2;1;6;1;AGR
2;40000;1;1;0;0;AGR
2;40000;1;1;0.5;0.5;AGR
2;40000;1;1;1;0.64;AGR
2;40000;1;1;1.5;0.76;AGR
2;40000;1;1;2;0.88;AGR
2;40000;1;1;2.5;0.925;AGR
2;40000;1;1;3;0.96;AGR
2;40000;1;1;3.5;0.995;AGR
2;40000;1;1;4;1;AGR
2;40000;1;1;4.5;1;AGR
2;40000;1;1;5;1;AGR
2;40000;1;1;5.5;1;AGR
2;40000;1;1;6;1;AGR
2;40000;2;1;0;0;AGR
2;40000;2;1;0.5;0.5;AGR
2;40000;2;1;1;0.64;AGR
2;40000;2;1;1.5;0.76;AGR
2;40000;2;1;2;0.88;AGR
2;40000;2;1;2.5;0.925;AGR
2;40000;2;1;3;0.96;AGR
2;40000;2;1;3.5;0.995;AGR
2;40000;2;1;4;1;AGR
2;40000;2;1;4.5;1;AGR
2;40000;2;1;5;1;AGR
2;40000;2;1;5.5;1;AGR
2;40000;2;1;6;1;AGR
2;50000;1;1;0;0;AGR
2;50000;1;1;0.5;0.5;AGR
2;50000;1;1;1;0.64;AGR
2;50000;1;1;1.5;0.76;AGR
2;50000;1;1;2;0.88;AGR
2;50000;1;1;2.5;0.925;AGR
2;50000;1;1;3;0.96;AGR
2;50000;1;1;3.5;0.995;AGR
2;50000;1;1;4;1;AGR
2;50000;1;1;4.5;1;AGR
2;50000;1;1;5;1;AGR
2;50000;1;1;5.5;1;AGR
2;50000;1;1;6;1;AGR
2;50000;2;1;0;0;AGR
2;50000;2;1;0.5;0.5;AGR
2;50000;2;1;1;0.64;AGR
2;50000;2;1;1.5;0.76;AGR
2;50000;2;1;2;0.88;AGR
2;50000;2;1;2.5;0.925;AGR
2;50000;2;1;3;0.96;AGR
2;50000;2;1;3.5;0.995;AGR
2;50000;2;1;4;1;AGR
2;50000;2;1;4.5;1;AGR
2;50000;2;1;5;1;AGR
2;50000;2;1;5.5;1;AGR
2;50000;2;1;6;1;AGR
3;11100;1;1;0;0;IND/SETT
3;11100;1;1;0.16;0;IND/SETT
3;11100;1;1;0.32;0.01;IND/SETT
3;11100;1;1;0.59;0.02;IND/SETT
3;11100;1;1;1.05;0.04;IND/SETT
3;11100;1;1;1.4;0.07;IND/SETT
3;11100;1;1;1.7;0.09;IND/SETT
3;11100;1;1;2;0.12;IND/SETT
3;11100;1;1;2.32;0.16;IND/SETT
3;11100;1;1;2.7;0.2;IND/SETT
3;11100;1;1;3.06;0.25;IND/SETT
3;11100;1;1;3.4;0.3;IND/SETT
3;11100;1;1;3.77;0.36;IND/SETT
3;11100;1;1;4.13;0.43;IND/SETT
3;11100;1;1;4.4;0.48;IND/SETT
3;11100;1;1;4.64;0.52;IND/SETT
3;11100;1;1;4.91;0.58;IND/SETT
3;11100;1;1;5.21;0.65;IND/SETT
3;11100;1;1;5.44;0.71;IND/SETT
3;11100;1;1;5.77;0.78;IND/SETT
3;11100;1;1;6.07;0.86;IND/SETT
3;11100;1;1;6.3;0.92;IND/SETT
3;11100;1;1;6.5;0.97;IND/SETT
3;11100;1;1;6.73;1;IND/SETT
3;11100;1;1;7.12;1;IND/SETT
3;11100;1;1;7.74;1;IND/SETT
3;11100;2;1;0.01;0;IND/SETT
3;11100;2;1;0.21;0.15;IND/SETT
3;11100;2;1;7.68;1;IND/SETT
3;11210;1;1;0;0;IND/SETT
3;11210;1;1;0.16;0;IND/SETT
3;11210;1;1;0.32;0.01;IND/SETT
3;11210;1;1;0.59;0.02;IND/SETT
3;11210;1;1;1.05;0.04;IND/SETT
3;11210;1;1;1.4;0.07;IND/SETT
3;11210;1;1;1.7;0.09;IND/SETT
3;11210;1;1;2;0.12;IND/SETT
3;11210;1;1;2.32;0.16;IND/SETT
3;11210;1;1;2.7;0.2;IND/SETT
3;11210;1;1;3.06;0.25;IND/SETT
3;11210;1;1;3.4;0.3;IND/SETT
3;11210;1;1;3.77;0.36;IND/SETT
3;11210;1;1;4.13;0.43;IND/SETT
3;11210;1;1;4.4;0.48;IND/SETT
3;11210;1;1;4.64;0.52;IND/SETT
3;11210;1;1;4.91;0.58;IND/SETT
3;11210;1;1;5.21;0.65;IND/SETT
3;11210;1;1;5.44;0.71;IND/SETT
3;11210;1;1;5.77;0.78;IND/SETT
3;11210;1;1;6.07;0.86;IND/SETT
3;11210;1;1;6.3;0.92;IND/SETT
3;11210;1;1;6.5;0.97;IND/SETT
3;11210;1;1;6.73;1;IND/SETT
3;11210;1;1;7.12;1;IND/SETT
3;11210;1;1;7.74;1;IND/SETT
3;11210;2;1;0.01;0;IND/SETT
3;11210;2;1;0.21;0.15;IND/SETT
3;11210;2;1;7.68;1;IND/SETT
3;11220;1;1;0;0;IND/SETT
3;11220;1;1;0.16;0;IND/SETT
3;11220;1;1;0.32;0.01;IND/SETT
3;11220;1;1;0.59;0.02;IND/SETT
3;11220;1;1;1.05;0.04;IND/SETT
3;11220;1;1;1.4;0.07;IND/SETT
3;11220;1;1;1.7;0.09;IND/SETT
3;11220;1;1;2;0.12;IND/SETT
3;11220;1;1;2.32;0.16;IND/SETT
3;11220;1;1;2.7;0.2;IND/SETT
3;11220;1;1;3.06;0.25;IND/SETT
3;11220;1;1;3.4;0.3;IND/SETT
3;11220;1;1;3.77;0.36;IND/SETT
3;11220;1;1;4.13;0.43;IND/SETT
3;11220;1;1;4.4;0.48;IND/SETT
3;11220;1;1;4.64;0.52;IND/SETT
3;11220;1;1;4.91;0.58;IND/SETT
3;11220;1;1;5.21;0.65;IND/SETT
3;11220;1;1;5.44;0.71;IND/SETT
3;11220;1;1;5.77;0.78;IND/SETT
3;11220;1;1;6.07;0.86;IND/SETT
3;11220;1;1;6.3;0.92;IND/SETT
3;11220;1;1;6.5;0.97;IND/SETT
3;11220;1;1;6.73;1;IND/SETT
3;11220;1;1;7.12;1;IND/SETT
3;11220;1;1;7.74;1;IND/SETT
3;11220;2;1;0.01;0;IND/SETT
3;11220;2;1;0.21;0.15;IND/SETT
3;11220;2;1;7.68;1;IND/SETT
3;11230;1;1;0;0;IND/SETT
3;11230;1;1;0.16;0;IND/SETT
3;11230;1;1;0.32;0.01;IND/SETT
3;11230;1;1;0.59;0.02;IND/SETT
3;11230;1;1;1.05;0.04;IND/SETT
3;11230;1;1;1.4;0.07;IND/SETT
3;11230;1;1;1.7;0.09;IND/SETT
3;11230;1;1;2;0.12;IND/SETT
3;11230;1;1;2.32;0.16;IND/SETT
3;11230;1;1;2.7;0.2;IND/SETT
3;11230;1;1;3.06;0.25;IND/SETT
3;11230;1;1;3.4;0.3;IND/SETT
3;11230;1;1;3.77;0.36;IND/SETT
3;11230;1;1;4.13;0.43;IND/SETT
3;11230;1;1;4.4;0.48;IND/SETT
3;11230;1;1;4.64;0.52;IND/SETT
3;11230;1;1;4.91;0.58;IND/SETT
3;11230;1;1;5.21;0.65;IND/SETT
3;11230;1;1;5.44;0.71;IND/SETT
3;11230;1;1;5.77;0.78;IND/SETT
3;11230;1;1;6.07;0.86;IND/SETT
3;11230;1;1;6.3;0.92;IND/SETT
3;11230;1;1;6.5;0.97;IND/SETT
3;11230;1;1;6.73;1;IND/SETT
3;11230;1;1;7.12;1;IND/SETT
3;11230;1;1;7.74;1;IND/SETT
3;11230;2;1;0.01;0;IND/SETT
3;11230;2;1;0.21;0.15;IND/SETT
3;11230;2;1;7.68;1;IND/SETT
3;11240;1;1;0;0;IND/SETT
3;11240;1;1;0.16;0;IND/SETT
3;11240;1;1;0.32;0.01;IND/SETT
3;11240;1;1;0.59;0.02;IND/SETT
3;11240;1;1;1.05;0.04;IND/SETT
3;11240;1;1;1.4;0.07;IND/SETT
3;11240;1;1;1.7;0.09;IND/SETT
3;11240;1;1;2;0.12;IND/SETT
3;11240;1;1;2.32;0.16;IND/SETT
3;11240;1;1;2.7;0.2;IND/SETT
3;11240;1;1;3.06;0.25;IND/SETT
3;11240;1;1;3.4;0.3;IND/SETT
3;11240;1;1;3.77;0.36;IND/SETT
3;11240;1;1;4.13;0.43;IND/SETT
3;11240;1;1;4.4;0.48;IND/SETT
3;11240;1;1;4.64;0.52;IND/SETT
3;11240;1;1;4.91;0.58;IND/SETT
3;11240;1;1;5.21;0.65;IND/SETT
3;11240;1;1;5.44;0.71;IND/SETT
3;11240;1;1;5.77;0.78;IND/SETT
3;11240;1;1;6.07;0.86;IND/SETT
3;11240;1;1;6.3;0.92;IND/SETT
3;11240;1;1;6.5;0.97;IND/SETT
3;11240;1;1;6.73;1;IND/SETT
3;11240;1;1;7.12;1;IND/SETT
3;11240;1;1;7.74;1;IND/SETT
3;11240;2;1;0.01;0;IND/SETT
3;11240;2;1;0.21;0.15;IND/SETT
3;11240;2;1;7.68;1;IND/SETT
3;11300;1;1;0;0;IND/SETT
3;11300;1;1;0.16;0;IND/SETT
3;11300;1;1;0.32;0.01;IND/SETT
3;11300;1;1;0.59;0.02;IND/SETT
3;11300;1;1;1.05;0.04;IND/SETT
3;11300;1;1;1.4;0.07;IND/SETT
3;11300;1;1;1.7;0.09;IND/SETT
3;11300;1;1;2;0.12;IND/SETT
3;11300;1;1;2.32;0.16;IND/SETT
3;11300;1;1;2.7;0.2;IND/SETT
3;11300;1;1;3.06;0.25;IND/SETT
3;11300;1;1;3.4;0.3;IND/SETT
3;11300;1;1;3.77;0.36;IND/SETT
3;11300;1;1;4.13;0.43;IND/SETT
3;11300;1;1;4.4;0.48;IND/SETT
3;11300;1;1;4.64;0.52;IND/SETT
3;11300;1;1;4.91;0.58;IND/SETT
3;11300;1;1;5.21;0.65;IND/SETT
3;11300;1;1;5.44;0.71;IND/SETT
3;11300;1;1;5.77;0.78;IND/SETT
3;11300;1;1;6.07;0.86;IND/SETT
3;11300;1;1;6.3;0.92;IND/SETT
3;11300;1;1;6.5;0.97;IND/SETT
3;11300;1;1;6.73;1;IND/SETT
3;11300;1;1;7.12;1;IND/SETT
3;11300;1;1;7.74;1;IND/SETT
3;11300;2;1;0.01;0;IND/SETT
3;11300;2;1;0.21;0.15;IND/SETT
3;11300;2;1;7.68;1;IND/SETT
3;12100;1;1;0;0;IND
3;12100;1;1;0.16;0;IND
3;12100;1;1;0.32;0.01;IND
3;12100;1;1;0.59;0.02;IND
3;12100;1;1;1.05;0.04;IND
3;12100;1;1;1.4;0.07;IND
3;12100;1;1;1.7;0.09;IND
3;12100;1;1;2;0.12;IND
3;12100;1;1;2.32;0.16;IND
3;12100;1;1;2.7;0.2;IND
3;12100;1;1;3.06;0.25;IND
3;12100;1;1;3.4;0.3;IND
3;12100;1;1;3.77;0.36;IND
3;12100;1;1;4.13;0.43;IND
3;12100;1;1;4.4;0.48;IND
3;12100;1;1;4.64;0.52;IND
3;12100;1;1;4.91;0.58;IND
3;12100;1;1;5.21;0.65;IND
3;12100;1;1;5.44;0.71;IND
3;12100;1;1;5.77;0.78;IND
3;12100;1;1;6.07;0.86;IND
3;12100;1;1;6.3;0.92;IND
3;12100;1;1;6.5;0.97;IND
3;12100;1;1;6.73;1;IND
3;12100;1;1;7.12;1;IND
3;12100;1;1;7.74;1;IND
3;12100;2;1;0.02;0;IND
3;12100;2;1;0.17;0.04;IND
3;12100;2;1;0.35;0.07;IND
3;12100;2;1;7.81;0.6;IND
3;12210;1;1;0.02;0;TRAFFIC
3;12210;1;1;1.01;0.1;TRAFFIC
3;12210;1;1;7.73;0.1;TRAFFIC
3;12210;2;1;0.02;0;TRAFFIC
3;12210;2;1;1.01;0.1;TRAFFIC
3;12210;2;1;7.73;0.1;TRAFFIC
3;12220;1;1;0.02;0;TRAFFIC
3;12220;1;1;1.01;0.1;TRAFFIC
3;12220;1;1;7.73;0.1;TRAFFIC
3;12220;2;1;0.02;0;TRAFFIC
3;12220;2;1;1.01;0.1;TRAFFIC
3;12220;2;1;7.73;0.1;TRAFFIC
3;12230;1;1;0.02;0;TRAFFIC
3;12230;1;1;1.01;0.1;TRAFFIC
3;12230;1;1;7.73;0.1;TRAFFIC
3;12230;2;1;0.02;0;TRAFFIC
3;12230;2;1;1.01;0.1;TRAFFIC
3;12230;2;1;7.73;0.1;TRAFFIC
3;12300;1;1;0.02;0;TRAFFIC
3;12300;1;1;1.01;0.1;TRAFFIC
3;12300;1;1;7.73;0.1;TRAFFIC
3;12300;2;1;0.02;0;TRAFFIC
3;12300;2;1;1.01;0.1;TRAFFIC
3;12300;2;1;7.73;0.1;TRAFFIC
3;12400;1;1;0.02;0;TRAFFIC
3;12400;1;1;1.01;0.1;TRAFFIC
3;12400;1;1;7.73;0.1;TRAFFIC
3;12400;2;1;0.02;0;TRAFFIC
3;12400;2;1;1.01;0.1;TRAFFIC
3;12400;2;1;7.73;0.1;TRAFFIC
3;13100;1;1;0;0;IND
3;13100;1;1;0.16;0;IND
3;13100;1;1;0.32;0.01;IND
3;13100;1;1;0.59;0.02;IND
3;13100;1;1;1.05;0.04;IND
3;13100;1;1;1.4;0.07;IND
3;13100;1;1;1.7;0.09;IND
3;13100;1;1;2;0.12;IND
3;13100;1;1;2.32;0.16;IND
3;13100;1;1;2.7;0.2;IND
3;13100;1;1;3.06;0.25;IND
3;13100;1;1;3.4;0.3;IND
3;13100;1;1;3.77;0.36;IND
3;13100;1;1;4.13;0.43;IND
3;13100;1;1;4.4;0.48;IND
3;13100;1;1;4.64;0.52;IND
3;13100;1;1;4.91;0.58;IND
3;13100;1;1;5.21;0.65;IND
3;13100;1;1;5.44;0.71;IND
3;13100;1;1;5.77;0.78;IND
3;13100;1;1;6.07;0.86;IND
3;13100;1;1;6.3;0.92;IND
3;13100;1;1;6.5;0.97;IND
3;13100;1;1;6.73;1;IND
3;13100;1;1;7.12;1;IND
3;13100;1;1;7.74;1;IND
3;13100;2;1;0.02;0;IND
3;13100;2;1;0.17;0.04;IND
3;13100;2;1;0.35;0.07;IND
3;13100;2;1;7.81;0.6;IND
3;13300;1;1;0;0;IND
3;13300;1;1;0.16;0;IND
3;13300;1;1;0.32;0.01;IND
3;13300;1;1;0.59;0.02;IND
3;13300;1;1;1.05;0.04;IND
3;13300;1;1;1.4;0.07;IND
3;13300;1;1;1.7;0.09;IND
3;13300;1;1;2;0.12;IND
3;13300;1;1;2.32;0.16;IND
3;13300;1;1;2.7;0.2;IND
3;13300;1;1;3.06;0.25;IND
3;13300;1;1;3.4;0.3;IND
3;13300;1;1;3.77;0.36;IND
3;13300;1;1;4.13;0.43;IND
3;13300;1;1;4.4;0.48;IND
3;13300;1;1;4.64;0.52;IND
3;13300;1;1;4.91;0.58;IND
3;13300;1;1;5.21;0.65;IND
3;13300;1;1;5.44;0.71;IND
3;13300;1;1;5.77;0.78;IND
3;13300;1;1;6.07;0.86;IND
3;13300;1;1;6.3;0.92;IND
3;13300;1;1;6.5;0.97;IND
3;13300;1;1;6.73;1;IND
3;13300;1;1;7.12;1;IND
3;13300;1;1;7.74;1;IND
3;13300;2;1;0.02;0;IND
3;13300;2;1;0.17;0.04;IND
3;13300;2;1;0.35;0.07;IND
3;13300;2;1;7.81;0.6;IND
3;13400;1;1;0.01;0;AGR
3;13400;1;1;0.3;0.01;AGR
3;13400;1;1;7.75;0.01;AGR
3;13400;2;1;0.01;0;AGR
3;13400;2;1;0.3;0.01;AGR
3;13400;2;1;7.75;0.01;AGR
3;14100;1;1;0.01;0;AGR
3;14100;1;1;0.3;0.01;AGR
3;14100;1;1;7.75;0.01;AGR
3;14100;2;1;0.01;0;AGR
3;14100;2;1;0.3;0.01;AGR
3;14100;2;1;7.75;0.01;AGR
3;14200;1;1;0.01;0;AGR
3;14200;1;1;0.3;0.01;AGR
3;14200;1;1;7.75;0.01;AGR
3;14200;2;1;0.01;0;AGR
3;14200;2;1;0.3;0.01;AGR
3;14200;2;1;7.75;0.01;AGR
3;20000;1;1;0.01;0;AGR
3;20000;1;1;0.3;0.01;AGR
3;20000;1;1;7.75;0.01;AGR
3;20000;2;1;0.01;0;AGR
3;20000;2;1;0.3;0.01;AGR
3;20000;2;1;7.75;0.01;AGR
3;30000;1;1;0.01;0;AGR
3;30000;1;1;0.3;0.01;AGR
3;30000;1;1;7.75;0.01;AGR
3;30000;2;1;0.01;0;AGR
3;30000;2;1;0.3;0.01;AGR
3;30000;2;1;7.75;0.01;AGR
3;40000;1;1;0.01;0;AGR
3;40000;1;1;0.3;0.01;AGR
3;40000;1;1;7.75;0.01;AGR
3;40000;2;1;0.01;0;AGR
3;40000;2;1;0.3;0.01;AGR
3;40000;2;1;7.75;0.01;AGR
3;50000;1;1;0.01;0;AGR
3;50000;1;1;0.3;0.01;AGR
3;50000;1;1;7.75;0.01;AGR
3;50000;2;1;0.01;0;AGR
3;50000;2;1;0.3;0.01;AGR
3;50000;2;1;7.75;0.01;AGR
4;11100;1;1;0;0;URB
4;11100;1;1;1;0;URB
4;11100;1;1;1.25;0.07;URB
4;11100;1;1;2.01;0.11;URB
4;11100;1;1;2.96;0.34;URB
4;11100;1;1;3.83;0.62;URB
4;11100;1;1;4.97;1;URB
4;11100;2;1;0.01;0;URB
4;11100;2;1;0.99;0.47;URB
4;11100;2;1;1.98;0.5;URB
4;11100;2;1;4.98;1;URB
4;11210;1;1;0;0;URB
4;11210;1;1;1;0;URB
4;11210;1;1;1.25;0.07;URB
4;11210;1;1;2.01;0.11;URB
4;11210;1;1;2.96;0.34;URB
4;11210;1;1;3.83;0.62;URB
4;11210;1;1;4.97;1;URB
4;11210;2;1;0.01;0;URB
4;11210;2;1;0.99;0.47;URB
4;11210;2;1;1.98;0.5;URB
4;11210;2;1;4.98;1;URB
4;11220;1;1;0;0;URB
4;11220;1;1;1;0;URB
4;11220;1;1;1.25;0.07;URB
4;11220;1;1;2.01;0.11;URB
4;11220;1;1;2.96;0.34;URB
4;11220;1;1;3.83;0.62;URB
4;11220;1;1;4.97;1;URB
4;11220;2;1;0.01;0;URB
4;11220;2;1;0.99;0.47;URB
4;11220;2;1;1.98;0.5;URB
4;11220;2;1;4.98;1;URB
4;11230;1;1;0;0;URB
4;11230;1;1;1;0;URB
4;11230;1;1;1.25;0.07;URB
4;11230;1;1;2.01;0.11;URB
4;11230;1;1;2.96;0.34;URB
4;11230;1;1;3.83;0.62;URB
4;11230;1;1;4.97;1;URB
4;11230;2;1;0.01;0;URB
4;11230;2;1;0.99;0.47;URB
4;11230;2;1;1.98;0.5;URB
4;11230;2;1;4.98;1;URB
4;11240;1;1;0;0;URB
4;11240;1;1;1;0;URB
4;11240;1;1;1.25;0.07;URB
4;11240;1;1;2.01;0.11;URB
4;11240;1;1;2.96;0.34;URB
4;11240;1;1;3.83;0.62;URB
4;11240;1;1;4.97;1;URB
4;11240;2;1;0.01;0;URB
4;11240;2;1;0.99;0.47;URB
4;11240;2;1;1.98;0.5;URB
4;11240;2;1;4.98;1;URB
4;11300;1;1;0;0;URB
4;11300;1;1;1;0;URB
4;11300;1;1;1.25;0.07;URB
4;11300;1;1;2.01;0.11;URB
4;11300;1;1;2.96;0.34;URB
4;11300;1;1;3.83;0.62;URB
4;11300;1;1;4.97;1;URB
4;11300;2;1;0.01;0;URB
4;11300;2;1;0.99;0.47;URB
4;11300;2;1;1.98;0.5;URB
4;11300;2;1;4.98;1;URB
4;12100;1;1;0.01;0;IND/INF
4;12100;1;1;2.01;0.8;IND/INF
4;12100;1;1;3.94;0.99;IND/INF
4;12100;2;1;0.01;0;IND/INF
4;12100;2;1;2.01;0.8;IND/INF
4;12100;2;1;3.94;0.99;IND/INF
4;12210;1;1;0.01;0;IND/INF
4;12210;1;1;2.01;0.8;IND/INF
4;12210;1;1;3.94;0.99;IND/INF
4;12210;2;1;0.01;0;IND/INF
4;12210;2;1;2.01;0.8;IND/INF
4;12210;2;1;3.94;0.99;IND/INF
4;12220;1;1;0.01;0;IND/INF
4;12220;1;1;2.01;0.8;IND/INF
4;12220;1;1;3.94;0.99;IND/INF
4;12220;2;1;0.01;0;IND/INF
4;12220;2;1;2.01;0.8;IND/INF
4;12220;2;1;3.94;0.99;IND/INF
4;12230;1;1;0.01;0;IND/INF
4;12230;1;1;2.01;0.8;IND/INF
4;12230;1;1;3.94;0.99;IND/INF
4;12230;2;1;0.01;0;IND/INF
4;12230;2;1;2.01;0.8;IND/INF
4;12230;2;1;3.94;0.99;IND/INF
4;12300;1;1;0.01;0;IND/INF
4;12300;1;1;2.01;0.8;IND/INF
4;12300;1;1;3.94;0.99;IND/INF
4;12300;2;1;0.01;0;IND/INF
4;12300;2;1;2.01;0.8;IND/INF
4;12300;2;1;3.94;0.99;IND/INF
4;12400;1;1;0.01;0;IND/INF
4;12400;1;1;2.01;0.8;IND/INF
4;12400;1;1;3.94;0.99;IND/INF
4;12400;2;1;0.01;0;IND/INF
4;12400;2;1;2.01;0.8;IND/INF
4;12400;2;1;3.94;0.99;IND/INF
4;13100;1;1;0.01;0;IND/INF
4;13100;1;1;2.01;0.8;IND/INF
4;13100;1;1;3.94;0.99;IND/INF
4;13100;2;1;0.01;0;IND/INF
4;13100;2;1;2.01;0.8;IND/INF
4;13100;2;1;3.94;0.99;IND/INF
4;13300;1;1;0.01;0;IND/INF
4;13300;1;1;2.01;0.8;IND/INF
4;13300;1;1;3.94;0.99;IND/INF
4;13300;2;1;0.01;0;IND/INF
4;13300;2;1;2.01;0.8;IND/INF
4;13300;2;1;3.94;0.99;IND/INF
4;13400;1;1;0.01;0;NAT
4;13400;1;1;0.26;1;NAT
4;13400;1;1;4.99;1;NAT
4;13400;2;1;0.01;0;NAT
4;13400;2;1;0.26;1;NAT
4;13400;2;1;4.99;1;NAT
4;14100;1;1;0.01;0;NAT
4;14100;1;1;0.26;1;NAT
4;14100;1;1;4.99;1;NAT
4;14100;2;1;0.01;0;NAT
4;14100;2;1;0.26;1;NAT
4;14100;2;1;4.99;1;NAT
4;14200;1;1;0;0;REC
4;14200;1;1;0.5;1;REC
4;14200;1;1;4.97;1;REC
4;14200;2;1;0;0;REC
4;14200;2;1;0.5;1;REC
4;14200;2;1;4.97;1;REC
4;20000;1;1;0.01;0;AGR
4;20000;1;1;0.5;0.5;AGR
4;20000;1;1;0.87;0.61;AGR
4;20000;1;1;1.23;0.7;AGR
4;20000;1;1;1.99;0.88;AGR
4;20000;1;1;2.29;0.91;AGR
4;20000;1;1;2.74;0.94;AGR
4;20000;1;1;3.52;1;AGR
4;20000;1;1;4.96;1;AGR
4;20000;2;1;0.01;0;AGR
4;20000;2;1;0.5;0.5;AGR
4;20000;2;1;0.87;0.61;AGR
4;20000;2;1;1.23;0.7;AGR
4;20000;2;1;1.99;0.88;AGR
4;20000;2;1;2.29;0.91;AGR
4;20000;2;1;2.74;0.94;AGR
4;20000;2;1;3.52;1;AGR
4;20000;2;1;4.96;1;AGR
4;30000;1;1;0.01;0;AGR
4;30000;1;1;0.5;0.5;AGR
4;30000;1;1;0.87;0.61;AGR
4;30000;1;1;1.23;0.7;AGR
4;30000;1;1;1.99;0.88;AGR
4;30000;1;1;2.29;0.91;AGR
4;30000;1;1;2.74;0.94;AGR
4;30000;1;1;3.52;1;AGR
4;30000;1;1;4.96;1;AGR
4;30000;2;1;0.01;0;AGR
4;30000;2;1;0.5;0.5;AGR
4;30000;2;1;0.87;0.61;AGR
4;30000;2;1;1.23;0.7;AGR
4;30000;2;1;1.99;0.88;AGR
4;30000;2;1;2.29;0.91;AGR
4;30000;2;1;2.74;0.94;AGR
4;30000;2;1;3.52;1;AGR
4;30000;2;1;4.96;1;AGR
4;40000;1;1;0.01;0;NAT
4;40000;1;1;0.26;1;NAT
4;40000;1;1;4.99;1;NAT
4;40000;2;1;0.01;0;NAT
4;40000;2;1;0.26;1;NAT
4;40000;2;1;4.99;1;NAT
4;50000;1;1;0.01;0;NAT
4;50000;1;1;0.26;1;NAT
4;50000;1;1;4.99;1;NAT
4;50000;2;1;0.01;0;NAT
4;50000;2;1;0.26;1;NAT
4;50000;2;1;4.99;1;NAT
5;11100;1;1;0;0;URB
5;11100;1;1;0.46;0.14;URB
5;11100;1;1;1;0.23;URB
5;11100;1;1;1.99;0.32;URB
5;11100;1;1;2.94;0.48;URB
5;11100;1;1;3.53;0.62;URB
5;11100;1;1;3.96;0.74;URB
5;11100;1;1;4.35;0.86;URB
5;11100;1;1;4.55;0.92;URB
5;11100;1;1;4.98;0.99;URB
5;11100;2;1;0;0;URB
5;11100;2;1;0.46;0.14;URB
5;11100;2;1;1;0.23;URB
5;11100;2;1;1.99;0.32;URB
5;11100;2;1;2.94;0.48;URB
5;11100;2;1;3.53;0.62;URB
5;11100;2;1;3.96;0.74;URB
5;11100;2;1;4.35;0.86;URB
5;11100;2;1;4.55;0.92;URB
5;11100;2;1;4.98;0.99;URB
5;11210;1;1;0;0;URB
5;11210;1;1;0.46;0.14;URB
5;11210;1;1;1;0.23;URB
5;11210;1;1;1.99;0.32;URB
5;11210;1;1;2.94;0.48;URB
5;11210;1;1;3.53;0.62;URB
5;11210;1;1;3.96;0.74;URB
5;11210;1;1;4.35;0.86;URB
5;11210;1;1;4.55;0.92;URB
5;11210;1;1;4.98;0.99;URB
5;11210;2;1;0;0;URB
5;11210;2;1;0.46;0.14;URB
5;11210;2;1;1;0.23;URB
5;11210;2;1;1.99;0.32;URB
5;11210;2;1;2.94;0.48;URB
5;11210;2;1;3.53;0.62;URB
5;11210;2;1;3.96;0.74;URB
5;11210;2;1;4.35;0.86;URB
5;11210;2;1;4.55;0.92;URB
5;11210;2;1;4.98;0.99;URB
5;11220;1;1;0;0;URB
5;11220;1;1;0.46;0.14;URB
5;11220;1;1;1;0.23;URB
5;11220;1;1;1.99;0.32;URB
5;11220;1;1;2.94;0.48;URB
5;11220;1;1;3.53;0.62;URB
5;11220;1;1;3.96;0.74;URB
5;11220;1;1;4.35;0.86;URB
5;11220;1;1;4.55;0.92;URB
5;11220;1;1;4.98;0.99;URB
5;11220;2;1;0;0;URB
5;11220;2;1;0.46;0.14;URB
5;11220;2;1;1;0.23;URB
5;11220;2;1;1.99;0.32;URB
5;11220;2;1;2.94;0.48;URB
5;11220;2;1;3.53;0.62;URB
5;11220;2;1;3.96;0.74;URB
5;11220;2;1;4.35;0.86;URB
5;11220;2;1;4.55;0.92;URB
5;11220;2;1;4.98;0.99;URB
5;11230;1;1;0;0;URB
5;11230;1;1;0.46;0.14;URB
5;11230;1;1;1;0.23;URB
5;11230;1;1;1.99;0.32;URB
5;11230;1;1;2.94;0.48;URB
5;11230;1;1;3.53;0.62;URB
5;11230;1;1;3.96;0.74;URB
5;11230;1;1;4.35;0.86;URB
5;11230;1;1;4.55;0.92;URB
5;11230;1;1;4.98;0.99;URB
5;11230;2;1;0;0;URB
5;11230;2;1;0.46;0.14;URB
5;11230;2;1;1;0.23;URB
5;11230;2;1;1.99;0.32;URB
5;11230;2;1;2.94;0.48;URB
5;11230;2;1;3.53;0.62;URB
5;11230;2;1;3.96;0.74;URB
5;11230;2;1;4.35;0.86;URB
5;11230;2;1;4.55;0.92;URB
5;11230;2;1;4.98;0.99;URB
5;11240;1;1;0;0;URB
5;11240;1;1;0.46;0.14;URB
5;11240;1;1;1;0.23;URB
5;11240;1;1;1.99;0.32;URB
5;11240;1;1;2.94;0.48;URB
5;11240;1;1;3.53;0.62;URB
5;11240;1;1;3.96;0.74;URB
5;11240;1;1;4.35;0.86;URB
5;11240;1;1;4.55;0.92;URB
5;11240;1;1;4.98;0.99;URB
5;11240;2;1;0;0;URB
5;11240;2;1;0.46;0.14;URB
5;11240;2;1;1;0.23;URB
5;11240;2;1;1.99;0.32;URB
5;11240;2;1;2.94;0.48;URB
5;11240;2;1;3.53;0.62;URB
5;11240;2;1;3.96;0.74;URB
5;11240;2;1;4.35;0.86;URB
5;11240;2;1;4.55;0.92;URB
5;11240;2;1;4.98;0.99;URB
5;11300;1;1;0;0;URB
5;11300;1;1;0.46;0.14;URB
5;11300;1;1;1;0.23;URB
5;11300;1;1;1.99;0.32;URB
5;11300;1;1;2.94;0.48;URB
5;11300;1;1;3.53;0.62;URB
5;11300;1;1;3.96;0.74;URB
5;11300;1;1;4.35;0.86;URB
5;11300;1;1;4.55;0.92;URB
5;11300;1;1;4.98;0.99;URB
5;11300;2;1;0;0;URB
5;11300;2;1;0.46;0.14;URB
5;11300;2;1;1;0.23;URB
5;11300;2;1;1.99;0.32;URB
5;11300;2;1;2.94;0.48;URB
5;11300;2;1;3.53;0.62;URB
5;11300;2;1;3.96;0.74;URB
5;11300;2;1;4.35;0.86;URB
5;11300;2;1;4.55;0.92;URB
5;11300;2;1;4.98;0.99;URB
5;12100;1;1;0;0;COM
5;12100;1;1;0.41;0.06;COM
5;12100;1;1;0.67;0.09;COM
5;12100;1;1;0.93;0.12;COM
5;12100;1;1;1.24;0.15;COM
5;12100;1;1;1.63;0.17;COM
5;12100;1;1;2.37;0.23;COM
5;12100;1;1;2.75;0.26;COM
5;12100;1;1;2.99;0.28;COM
5;12100;1;1;4.97;0.99;COM
5;12100;2;1;0;0;COM
5;12100;2;1;0.41;0.06;COM
5;12100;2;1;0.67;0.09;COM
5;12100;2;1;0.93;0.12;COM
5;12100;2;1;1.24;0.15;COM
5;12100;2;1;1.63;0.17;COM
5;12100;2;1;2.37;0.23;COM
5;12100;2;1;2.75;0.26;COM
5;12100;2;1;2.99;0.28;COM
5;12100;2;1;4.97;0.99;COM
5;12210;1;1;0.01;0;INF
5;12210;1;1;0.52;0.24;INF
5;12210;1;1;1;0.34;INF
5;12210;1;1;1.54;0.42;INF
5;12210;1;1;2.1;0.5;INF
5;12210;1;1;2.9;0.58;INF
5;12210;1;1;3.54;0.67;INF
5;12210;1;1;4.41;0.77;INF
5;12210;1;1;4.98;0.83;INF
5;12210;2;1;0.01;0;INF
5;12210;2;1;0.52;0.24;INF
5;12210;2;1;1;0.34;INF
5;12210;2;1;1.54;0.42;INF
5;12210;2;1;2.1;0.5;INF
5;12210;2;1;2.9;0.58;INF
5;12210;2;1;3.54;0.67;INF
5;12210;2;1;4.41;0.77;INF
5;12210;2;1;4.98;0.83;INF
5;12220;1;1;0.01;0;INF
5;12220;1;1;0.52;0.24;INF
5;12220;1;1;1;0.34;INF
5;12220;1;1;1.54;0.42;INF
5;12220;1;1;2.1;0.5;INF
5;12220;1;1;2.9;0.58;INF
5;12220;1;1;3.54;0.67;INF
5;12220;1;1;4.41;0.77;INF
5;12220;1;1;4.98;0.83;INF
5;12220;2;1;0.01;0;INF
5;12220;2;1;0.52;0.24;INF
5;12220;2;1;1;0.34;INF
5;12220;2;1;1.54;0.42;INF
5;12220;2;1;2.1;0.5;INF
5;12220;2;1;2.9;0.58;INF
5;12220;2;1;3.54;0.67;INF
5;12220;2;1;4.41;0.77;INF
5;12220;2;1;4.98;0.83;INF
5;12230;1;1;0.01;0;INF
5;12230;1;1;0.52;0.24;INF
5;12230;1;1;1;0.34;INF
5;12230;1;1;1.54;0.42;INF
5;12230;1;1;2.1;0.5;INF
5;12230;1;1;2.9;0.58;INF
5;12230;1;1;3.54;0.67;INF
5;12230;1;1;4.41;0.77;INF
5;12230;1;1;4.98;0.83;INF
5;12230;2;1;0.01;0;INF
5;12230;2;1;0.52;0.24;INF
5;12230;2;1;1;0.34;INF
5;12230;2;1;1.54;0.42;INF
5;12230;2;1;2.1;0.5;INF
5;12230;2;1;2.9;0.58;INF
5;12230;2;1;3.54;0.67;INF
5;12230;2;1;4.41;0.77;INF
5;12230;2;1;4.98;0.83;INF
5;12300;1;1;0.01;0;HARBOR
5;12300;1;1;0.52;0.09;HARBOR
5;12300;1;1;0.75;0.12;HARBOR
5;12300;1;1;1.04;0.16;HARBOR
5;12300;1;1;1.28;0.18;HARBOR
5;12300;1;1;1.49;0.21;HARBOR
5;12300;1;1;1.9;0.24;HARBOR
5;12300;1;1;2.29;0.28;HARBOR
5;12300;1;1;2.64;0.31;HARBOR
5;12300;1;1;3;0.34;HARBOR
5;12300;1;1;4.98;0.99;HARBOR
5;12300;2;1;0.01;0;HARBOR
5;12300;2;1;0.52;0.09;HARBOR
5;12300;2;1;0.75;0.12;HARBOR
5;12300;2;1;1.04;0.16;HARBOR
5;12300;2;1;1.28;0.18;HARBOR
5;12300;2;1;1.49;0.21;HARBOR
5;12300;2;1;1.9;0.24;HARBOR
5;12300;2;1;2.29;0.28;HARBOR
5;12300;2;1;2.64;0.31;HARBOR
5;12300;2;1;3;0.34;HARBOR
5;12300;2;1;4.98;0.99;HARBOR
5;12400;1;1;0.01;0;HARBOR
5;12400;1;1;0.52;0.09;HARBOR
5;12400;1;1;0.75;0.12;HARBOR
5;12400;1;1;1.04;0.16;HARBOR
5;12400;1;1;1.28;0.18;HARBOR
5;12400;1;1;1.49;0.21;HARBOR
5;12400;1;1;1.9;0.24;HARBOR
5;12400;1;1;2.29;0.28;HARBOR
5;12400;1;1;2.64;0.31;HARBOR
5;12400;1;1;3;0.34;HARBOR
5;12400;1;1;4.98;0.99;HARBOR
5;12400;2;1;0.01;0;HARBOR
5;12400;2;1;0.52;0.09;HARBOR
5;12400;2;1;0.75;0.12;HARBOR
5;12400;2;1;1.04;0.16;HARBOR
5;12400;2;1;1.28;0.18;HARBOR
5;12400;2;1;1.49;0.21;HARBOR
5;12400;2;1;1.9;0.24;HARBOR
5;12400;2;1;2.29;0.28;HARBOR
5;12400;2;1;2.64;0.31;HARBOR
5;12400;2;1;3;0.34;HARBOR
5;12400;2;1;4.98;0.99;HARBOR
5;13100;1;1;0;0;COM
5;13100;1;1;0.41;0.06;COM
5;13100;1;1;0.67;0.09;COM
5;13100;1;1;0.93;0.12;COM
5;13100;1;1;1.24;0.15;COM
5;13100;1;1;1.63;0.17;COM
5;13100;1;1;2.37;0.23;COM
5;13100;1;1;2.75;0.26;COM
5;13100;1;1;2.99;0.28;COM
5;13100;1;1;4.97;0.99;COM
5;13100;2;1;0;0;COM
5;13100;2;1;0.41;0.06;COM
5;13100;2;1;0.67;0.09;COM
5;13100;2;1;0.93;0.12;COM
5;13100;2;1;1.24;0.15;COM
5;13100;2;1;1.63;0.17;COM
5;13100;2;1;2.37;0.23;COM
5;13100;2;1;2.75;0.26;COM
5;13100;2;1;2.99;0.28;COM
5;13100;2;1;4.97;0.99;COM
5;13300;1;1;0.02;0;CONSTR
5;13300;1;1;0.51;0.21;CONSTR
5;13300;1;1;0.99;0.3;CONSTR
5;13300;1;1;1.54;0.37;CONSTR
5;13300;1;1;1.91;0.42;CONSTR
5;13300;1;1;2.64;0.49;CONSTR
5;13300;1;1;3.01;0.52;CONSTR
5;13300;1;1;4.21;0.81;CONSTR
5;13300;1;1;4.71;0.93;CONSTR
5;13300;1;1;4.98;0.99;CONSTR
5;13300;2;1;0.02;0;CONSTR
5;13300;2;1;0.51;0.21;CONSTR
5;13300;2;1;0.99;0.3;CONSTR
5;13300;2;1;1.54;0.37;CONSTR
5;13300;2;1;1.91;0.42;CONSTR
5;13300;2;1;2.64;0.49;CONSTR
5;13300;2;1;3.01;0.52;CONSTR
5;13300;2;1;4.21;0.81;CONSTR
5;13300;2;1;4.71;0.93;CONSTR
5;13300;2;1;4.98;0.99;CONSTR
5;13400;1;1;0.01;0;Zgr
5;13400;1;1;0.46;0.11;Zgr
5;13400;1;1;0.76;0.14;Zgr
5;13400;1;1;1.01;0.17;Zgr
5;13400;1;1;1.83;0.22;Zgr
5;13400;1;1;2.01;0.24;Zgr
5;13400;1;1;2.39;0.29;Zgr
5;13400;1;1;2.93;0.37;Zgr
5;13400;1;1;3.42;0.47;Zgr
5;13400;1;1;3.84;0.57;Zgr
5;13400;1;1;4.11;0.64;Zgr
5;13400;1;1;4.54;0.77;Zgr
5;13400;1;1;4.97;0.82;Zgr
5;13400;2;1;0.01;0;Zgr
5;13400;2;1;0.46;0.11;Zgr
5;13400;2;1;0.76;0.14;Zgr
5;13400;2;1;1.01;0.17;Zgr
5;13400;2;1;1.83;0.22;Zgr
5;13400;2;1;2.01;0.24;Zgr
5;13400;2;1;2.39;0.29;Zgr
5;13400;2;1;2.93;0.37;Zgr
5;13400;2;1;3.42;0.47;Zgr
5;13400;2;1;3.84;0.57;Zgr
5;13400;2;1;4.11;0.64;Zgr
5;13400;2;1;4.54;0.77;Zgr
5;13400;2;1;4.97;0.82;Zgr
5;14100;1;1;0.02;0;Ghouses
5;14100;1;1;0.5;0.3;Ghouses
5;14100;1;1;1.06;0.41;Ghouses
5;14100;1;1;2.08;0.56;Ghouses
5;14100;1;1;2.97;0.66;Ghouses
5;14100;1;1;3.77;0.8;Ghouses
5;14100;1;1;4.55;0.95;Ghouses
5;14100;1;1;4.97;1;Ghouses
5;14100;2;1;0.02;0;Ghouses
5;14100;2;1;0.5;0.3;Ghouses
5;14100;2;1;1.06;0.41;Ghouses
5;14100;2;1;2.08;0.56;Ghouses
5;14100;2;1;2.97;0.66;Ghouses
5;14100;2;1;3.77;0.8;Ghouses
5;14100;2;1;4.55;0.95;Ghouses
5;14100;2;1;4.97;1;Ghouses
5;14200;1;1;0;0;REC
5;14200;1;1;0.5;0.23;REC
5;14200;1;1;1;0.32;REC
5;14200;1;1;2.97;0.58;REC
5;14200;1;1;4.16;0.83;REC
5;14200;1;1;4.49;0.91;REC
5;14200;1;1;4.99;0.99;REC
5;14200;2;1;0;0;REC
5;14200;2;1;0.5;0.23;REC
5;14200;2;1;1;0.32;REC
5;14200;2;1;2.97;0.58;REC
5;14200;2;1;4.16;0.83;REC
5;14200;2;1;4.49;0.91;REC
5;14200;2;1;4.99;0.99;REC
5;20000;1;1;0.01;0;ARL
5;20000;1;1;0.53;0.2;ARL
5;20000;1;1;1.03;0.28;ARL
5;20000;1;1;1.69;0.35;ARL
5;20000;1;1;2;0.39;ARL
5;20000;1;1;2.27;0.43;ARL
5;20000;1;1;3.01;0.55;ARL
5;20000;1;1;3.86;0.75;ARL
5;20000;1;1;4.54;0.92;ARL
5;20000;1;1;4.98;1;ARL
5;20000;2;1;0.01;0;ARL
5;20000;2;1;0.53;0.2;ARL
5;20000;2;1;1.03;0.28;ARL
5;20000;2;1;1.69;0.35;ARL
5;20000;2;1;2;0.39;ARL
5;20000;2;1;2.27;0.43;ARL
5;20000;2;1;3.01;0.55;ARL
5;20000;2;1;3.86;0.75;ARL
5;20000;2;1;4.54;0.92;ARL
5;20000;2;1;4.98;1;ARL
5;30000;1;1;0.01;0;NAT
5;30000;1;1;0.51;0.29;NAT
5;30000;1;1;1.18;0.43;NAT
5;30000;1;1;2.09;0.58;NAT
5;30000;1;1;2.98;0.67;NAT
5;30000;1;1;3.79;0.81;NAT
5;30000;1;1;4.41;0.92;NAT
5;30000;1;1;4.97;1;NAT
5;30000;2;1;0.01;0;NAT
5;30000;2;1;0.51;0.29;NAT
5;30000;2;1;1.18;0.43;NAT
5;30000;2;1;2.09;0.58;NAT
5;30000;2;1;2.98;0.67;NAT
5;30000;2;1;3.79;0.81;NAT
5;30000;2;1;4.41;0.92;NAT
5;30000;2;1;4.97;1;NAT
5;40000;1;1;0.02;0.01;GRASS
5;40000;1;1;0.51;0.2;GRASS
5;40000;1;1;1.02;0.3;GRASS
5;40000;1;1;1.97;0.41;GRASS
5;40000;1;1;2.97;0.57;GRASS
5;40000;1;1;4.05;0.8;GRASS
5;40000;1;1;4.52;0.93;GRASS
5;40000;1;1;4.99;1;GRASS
5;40000;2;1;0.02;0.01;GRASS
5;40000;2;1;0.51;0.2;GRASS
5;40000;2;1;1.02;0.3;GRASS
5;40000;2;1;1.97;0.41;GRASS
5;40000;2;1;2.97;0.57;GRASS
5;40000;2;1;4.05;0.8;GRASS
5;40000;2;1;4.52;0.93;GRASS
5;40000;2;1;4.99;1;GRASS
5;50000;1;1;0.02;0.01;GRASS
5;50000;1;1;0.51;0.2;GRASS
5;50000;1;1;1.02;0.3;GRASS
5;50000;1;1;1.97;0.41;GRASS
5;50000;1;1;2.97;0.57;GRASS
5;50000;1;1;4.05;0.8;GRASS
5;50000;1;1;4.52;0.93;GRASS
5;50000;1;1;4.99;1;GRASS
5;50000;2;1;0.02;0.01;GRASS
5;50000;2;1;0.51;0.2;GRASS
5;50000;2;1;1.02;0.3;GRASS
5;50000;2;1;1.97;0.41;GRASS
5;50000;2;1;2.97;0.57;GRASS
5;50000;2;1;4.05;0.8;GRASS
5;50000;2;1;4.52;0.93;GRASS
5;50000;2;1;4.99;1;GRASS
6;11100;1;1;0;0;RES
6;11100;1;1;0.5;0.25;RES
6;11100;1;1;1;0.4;RES
6;11100;1;1;1.5;0.5;RES
6;11100;1;1;2;0.6;RES
6;11100;1;1;3;0.75;RES
6;11100;1;1;4;0.85;RES
6;11100;1;1;5;0.95;RES
6;11100;1;1;6;1;RES
6;11100;2;1;0;0;RES
6;11100;2;1;0.5;0.25;RES
6;11100;2;1;1;0.4;RES
6;11100;2;1;1.5;0.5;RES
6;11100;2;1;2;0.6;RES
6;11100;2;1;3;0.75;RES
6;11100;2;1;4;0.85;RES
6;11100;2;1;5;0.95;RES
6;11100;2;1;6;1;RES
6;11210;1;1;0;0;RES
6;11210;1;1;0.5;0.25;RES
6;11210;1;1;1;0.4;RES
6;11210;1;1;1.5;0.5;RES
6;11210;1;1;2;0.6;RES
6;11210;1;1;3;0.75;RES
6;11210;1;1;4;0.85;RES
6;11210;1;1;5;0.95;RES
6;11210;1;1;6;1;RES
6;11210;2;1;0;0;RES
6;11210;2;1;0.5;0.25;RES
6;11210;2;1;1;0.4;RES
6;11210;2;1;1.5;0.5;RES
6;11210;2;1;2;0.6;RES
6;11210;2;1;3;0.75;RES
6;11210;2;1;4;0.85;RES
6;11210;2;1;5;0.95;RES
6;11210;2;1;6;1;RES
6;11220;1;1;0;0;RES
6;11220;1;1;0.5;0.25;RES
6;11220;1;1;1;0.4;RES
6;11220;1;1;1.5;0.5;RES
6;11220;1;1;2;0.6;RES
6;11220;1;1;3;0.75;RES
6;11220;1;1;4;0.85;RES
6;11220;1;1;5;0.95;RES
6;11220;1;1;6;1;RES
6;11220;2;1;0;0;RES
6;11220;2;1;0.5;0.25;RES
6;11220;2;1;1;0.4;RES
6;11220;2;1;1.5;0.5;RES
6;11220;2;1;2;0.6;RES
6;11220;2;1;3;0.75;RES
6;11220;2;1;4;0.85;RES
6;11220;2;1;5;0.95;RES
6;11220;2;1;6;1;RES
6;11230;1;1;0;0;RES
6;11230;1;1;0.5;0.25;RES
6;11230;1;1;1;0.4;RES
6;11230;1;1;1.5;0.5;RES
6;11230;1;1;2;0.6;RES
6;11230;1;1;3;0.75;RES
6;11230;1;1;4;0.85;RES
6;11230;1;1;5;0.95;RES
6;11230;1;1;6;1;RES
6;11230;2;1;0;0;RES
6;11230;2;1;0.5;0.25;RES
6;11230;2;1;1;0.4;RES
6;11230;2;1;1.5;0.5;RES
6;11230;2;1;2;0.6;RES
6;11230;2;1;3;0.75;RES
6;11230;2;1;4;0.85;RES
6;11230;2;1;5;0.95;RES
6;11230;2;1;6;1;RES
6;11240;1;1;0;0;RES
6;11240;1;1;0.5;0.25;RES
6;11240;1;1;1;0.4;RES
6;11240;1;1;1.5;0.5;RES
6;11240;1;1;2;0.6;RES
6;11240;1;1;3;0.75;RES
6;11240;1;1;4;0.85;RES
6;11240;1;1;5;0.95;RES
6;11240;1;1;6;1;RES
6;11240;2;1;0;0;RES
6;11240;2;1;0.5;0.25;RES
6;11240;2;1;1;0.4;RES
6;11240;2;1;1.5;0.5;RES
6;11240;2;1;2;0.6;RES
6;11240;2;1;3;0.75;RES
6;11240;2;1;4;0.85;RES
6;11240;2;1;5;0.95;RES
6;11240;2;1;6;1;RES
6;11300;1;1;0;0;RES
6;11300;1;1;0.5;0.25;RES
6;11300;1;1;1;0.4;RES
6;11300;1;1;1.5;0.5;RES
6;11300;1;1;2;0.6;RES
6;11300;1;1;3;0.75;RES
6;11300;1;1;4;0.85;RES
6;11300;1;1;5;0.95;RES
6;11300;1;1;6;1;RES
6;11300;2;1;0;0;RES
6;11300;2;1;0.5;0.25;RES
6;11300;2;1;1;0.4;RES
6;11300;2;1;1.5;0.5;RES
6;11300;2;1;2;0.6;RES
6;11300;2;1;3;0.75;RES
6;11300;2;1;4;0.85;RES
6;11300;2;1;5;0.95;RES
6;11300;2;1;6;1;RES
6;12100;1;1;0;0;IND_COM_AV
6;12100;1;1;0.5;0.15;IND_COM_AV
6;12100;1;1;1;0.285;IND_COM_AV
6;12100;1;1;1.5;0.425;IND_COM_AV
6;12100;1;1;2;0.535;IND_COM_AV
6;12100;1;1;3;0.725;IND_COM_AV
6;12100;1;1;4;0.875;IND_COM_AV
6;12100;1;1;5;1;IND_COM_AV
6;12100;1;1;6;1;IND_COM_AV
6;12100;2;1;0;0;IND_COM_AV
6;12100;2;1;0.5;0.15;IND_COM_AV
6;12100;2;1;1;0.285;IND_COM_AV
6;12100;2;1;1.5;0.425;IND_COM_AV
6;12100;2;1;2;0.535;IND_COM_AV
6;12100;2;1;3;0.725;IND_COM_AV
6;12100;2;1;4;0.875;IND_COM_AV
6;12100;2;1;5;1;IND_COM_AV
6;12100;2;1;6;1;IND_COM_AV
6;12210;1;1;0;0;INF
6;12210;1;1;0.5;0.25;INF
6;12210;1;1;1;0.42;INF
6;12210;1;1;1.5;0.55;INF
6;12210;1;1;2;0.65;INF
6;12210;1;1;3;0.8;INF
6;12210;1;1;4;0.9;INF
6;12210;1;1;5;1;INF
6;12210;1;1;6;1;INF
6;12210;2;1;0;0;INF
6;12210;2;1;0.5;0.25;INF
6;12210;2;1;1;0.42;INF
6;12210;2;1;1.5;0.55;INF
6;12210;2;1;2;0.65;INF
6;12210;2;1;3;0.8;INF
6;12210;2;1;4;0.9;INF
6;12210;2;1;5;1;INF
6;12210;2;1;6;1;INF
6;12220;1;1;0;0;INF
6;12220;1;1;0.5;0.25;INF
6;12220;1;1;1;0.42;INF
6;12220;1;1;1.5;0.55;INF
6;12220;1;1;2;0.65;INF
6;12220;1;1;3;0.8;INF
6;12220;1;1;4;0.9;INF
6;12220;1;1;5;1;INF
6;12220;1;1;6;1;INF
6;12220;2;1;0;0;INF
6;12220;2;1;0.5;0.25;INF
6;12220;2;1;1;0.42;INF
6;12220;2;1;1.5;0.55;INF
6;12220;2;1;2;0.65;INF
6;12220;2;1;3;0.8;INF
6;12220;2;1;4;0.9;INF
6;12220;2;1;5;1;INF
6;12220;2;1;6;1;INF
6;12230;1;1;0;0;INF
6;12230;1;1;0.5;0.25;INF
6;12230;1;1;1;0.42;INF
6;12230;1;1;1.5;0.55;INF
6;12230;1;1;2;0.65;INF
6;12230;1;1;3;0.8;INF
6;12230;1;1;4;0.9;INF
6;12230;1;1;5;1;INF
6;12230;1;1;6;1;INF
6;12230;2;1;0;0;INF
6;12230;2;1;0.5;0.25;INF
6;12230;2;1;1;0.42;INF
6;12230;2;1;1.5;0.55;INF
6;12230;2;1;2;0.65;INF
6;12230;2;1;3;0.8;INF
6;12230;2;1;4;0.9;INF
6;12230;2;1;5;1;INF
6;12230;2;1;6;1;INF
6;12300;1;1;0;0;INF
6;12300;1;1;0.5;0.25;INF
6;12300;1;1;1;0.42;INF
6;12300;1;1;1.5;0.55;INF
6;12300;1;1;2;0.65;INF
6;12300;1;1;3;0.8;INF
6;12300;1;1;4;0.9;INF
6;12300;1;1;5;1;INF
6;12300;1;1;6;1;INF
6;12300;2;1;0;0;INF
6;12300;2;1;0.5;0.25;INF
6;12300;2;1;1;0.42;INF
6;12300;2;1;1.5;0.55;INF
6;12300;2;1;2;0.65;INF
6;12300;2;1;3;0.8;INF
6;12300;2;1;4;0.9;INF
6;12300;2;1;5;1;INF
6;12300;2;1;6;1;INF
6;12400;1;1;0;0;INF
6;12400;1;1;0.5;0.25;INF
6;12400;1;1;1;0.42;INF
6;12400;1;1;1.5;0.55;INF
6;12400;1;1;2;0.65;INF
6;12400;1;1;3;0.8;INF
6;12400;1;1;4;0.9;INF
6;12400;1;1;5;1;INF
6;12400;1;1;6;1;INF
6;12400;2;1;0;0;INF
6;12400;2;1;0.5;0.25;INF
6;12400;2;1;1;0.42;INF
6;12400;2;1;1.5;0.55;INF
6;12400;2;1;2;0.65;INF
6;12400;2;1;3;0.8;INF
6;12400;2;1;4;0.9;INF
6;12400;2;1;5;1;INF
6;12400;2;1;6;1;INF
6;13100;1;1;0;0;IND
6;13100;1;1;0.5;0.15;IND
6;13100;1;1;1;0.27;IND
6;13100;1;1;1.5;0.4;IND
6;13100;1;1;2;0.52;IND
6;13100;1;1;3;0.7;IND
6;13100;1;1;4;0.85;IND
6;13100;1;1;5;1;IND
6;13100;1;1;6;1;IND
6;13100;2;1;0;0;IND
6;13100;2;1;0.5;0.15;IND
6;13100;2;1;1;0.27;IND
6;13100;2;1;1.5;0.4;IND
6;13100;2;1;2;0.52;IND
6;13100;2;1;3;0.7;IND
6;13100;2;1;4;0.85;IND
6;13100;2;1;5;1;IND
6;13100;2;1;6;1;IND
6;13300;1;1;0;0;IND
6;13300;1;1;0.5;0.15;IND
6;13300;1;1;1;0.27;IND
6;13300;1;1;1.5;0.4;IND
6;13300;1;1;2;0.52;IND
6;13300;1;1;3;0.7;IND
6;13300;1;1;4;0.85;IND
6;13300;1;1;5;1;IND
6;13300;1;1;6;1;IND
6;13300;2;1;0;0;IND
6;13300;2;1;0.5;0.15;IND
6;13300;2;1;1;0.27;IND
6;13300;2;1;1.5;0.4;IND
6;13300;2;1;2;0.52;IND
6;13300;2;1;3;0.7;IND
6;13300;2;1;4;0.85;IND
6;13300;2;1;5;1;IND
6;13300;2;1;6;1;IND
6;13400;1;1;0;0;AGR
6;13400;1;1;0.5;0.3;AGR
6;13400;1;1;1;0.55;AGR
6;13400;1;1;1.5;0.65;AGR
6;13400;1;1;2;0.75;AGR
6;13400;1;1;3;0.85;AGR
6;13400;1;1;4;0.95;AGR
6;13400;1;1;5;1;AGR
6;13400;1;1;6;1;AGR
6;13400;2;1;0;0;AGR
6;13400;2;1;0.5;0.3;AGR
6;13400;2;1;1;0.55;AGR
6;13400;2;1;1.5;0.65;AGR
6;13400;2;1;2;0.75;AGR
6;13400;2;1;3;0.85;AGR
6;13400;2;1;4;0.95;AGR
6;13400;2;1;5;1;AGR
6;13400;2;1;6;1;AGR
6;14100;1;1;0;0;AGR
6;14100;1;1;0.5;0.3;AGR
6;14100;1;1;1;0.55;AGR
6;14100;1;1;1.5;0.65;AGR
6;14100;1;1;2;0.75;AGR
6;14100;1;1;3;0.85;AGR
6;14100;1;1;4;0.95;AGR
6;14100;1;1;5;1;AGR
6;14100;1;1;6;1;AGR
6;14100;2;1;0;0;AGR
6;14100;2;1;0.5;0.3;AGR
6;14100;2;1;1;0.55;AGR
6;14100;2;1;1.5;0.65;AGR
6;14100;2;1;2;0.75;AGR
6;14100;2;1;3;0.85;AGR
6;14100;2;1;4;0.95;AGR
6;14100;2;1;5;1;AGR
6;14100;2;1;6;1;AGR
6;14200;1;1;0;0;AGR
6;14200;1;1;0.5;0.3;AGR
6;14200;1;1;1;0.55;AGR
6;14200;1;1;1.5;0.65;AGR
6;14200;1;1;2;0.75;AGR
6;14200;1;1;3;0.85;AGR
6;14200;1;1;4;0.95;AGR
6;14200;1;1;5;1;AGR
6;14200;1;1;6;1;AGR
6;14200;2;1;0;0;AGR
6;14200;2;1;0.5;0.3;AGR
6;14200;2;1;1;0.55;AGR
6;14200;2;1;1.5;0.65;AGR
6;14200;2;1;2;0.75;AGR
6;14200;2;1;3;0.85;AGR
6;14200;2;1;4;0.95;AGR
6;14200;2;1;5;1;AGR
6;14200;2;1;6;1;AGR
6;20000;1;1;0;0;AGR
6;20000;1;1;0.5;0.3;AGR
6;20000;1;1;1;0.55;AGR
6;20000;1;1;1.5;0.65;AGR
6;20000;1;1;2;0.75;AGR
6;20000;1;1;3;0.85;AGR
6;20000;1;1;4;0.95;AGR
6;20000;1;1;5;1;AGR
6;20000;1;1;6;1;AGR
6;20000;2;1;0;0;AGR
6;20000;2;1;0.5;0.3;AGR
6;20000;2;1;1;0.55;AGR
6;20000;2;1;1.5;0.65;AGR
6;20000;2;1;2;0.75;AGR
6;20000;2;1;3;0.85;AGR
6;20000;2;1;4;0.95;AGR
6;20000;2;1;5;1;AGR
6;20000;2;1;6;1;AGR
6;30000;1;1;0;0;AGR
6;30000;1;1;0.5;0.3;AGR
6;30000;1;1;1;0.55;AGR
6;30000;1;1;1.5;0.65;AGR
6;30000;1;1;2;0.75;AGR
6;30000;1;1;3;0.85;AGR
6;30000;1;1;4;0.95;AGR
6;30000;1;1;5;1;AGR
6;30000;1;1;6;1;AGR
6;30000;2;1;0;0;AGR
6;30000;2;1;0.5;0.3;AGR
6;30000;2;1;1;0.55;AGR
6;30000;2;1;1.5;0.65;AGR
6;30000;2;1;2;0.75;AGR
6;30000;2;1;3;0.85;AGR
6;30000;2;1;4;0.95;AGR
6;30000;2;1;5;1;AGR
6;30000;2;1;6;1;AGR
6;40000;1;1;0;0;AGR
6;40000;1;1;0.5;0.3;AGR
6;40000;1;1;1;0.55;AGR
6;40000;1;1;1.5;0.65;AGR
6;40000;1;1;2;0.75;AGR
6;40000;1;1;3;0.85;AGR
6;40000;1;1;4;0.95;AGR
6;40000;1;1;5;1;AGR
6;40000;1;1;6;1;AGR
6;40000;2;1;0;0;AGR
6;40000;2;1;0.5;0.3;AGR
6;40000;2;1;1;0.55;AGR
6;40000;2;1;1.5;0.65;AGR
6;40000;2;1;2;0.75;AGR
6;40000;2;1;3;0.85;AGR
6;40000;2;1;4;0.95;AGR
6;40000;2;1;5;1;AGR
6;40000;2;1;6;1;AGR
6;50000;1;1;0;0;AGR
6;50000;1;1;0.5;0.3;AGR
6;50000;1;1;1;0.55;AGR
6;50000;1;1;1.5;0.65;AGR
6;50000;1;1;2;0.75;AGR
6;50000;1;1;3;0.85;AGR
6;50000;1;1;4;0.95;AGR
6;50000;1;1;5;1;AGR
6;50000;1;1;6;1;AGR
6;50000;2;1;0;0;AGR
6;50000;2;1;0.5;0.3;AGR
6;50000;2;1;1;0.55;AGR
6;50000;2;1;1.5;0.65;AGR
6;50000;2;1;2;0.75;AGR
6;50000;2;1;3;0.85;AGR
6;50000;2;1;4;0.95;AGR
6;50000;2;1;5;1;AGR
6;50000;2;1;6;1;AGR
7;11100;1;1;-0.3;0.01604;FLAT
7;11100;1;1;0;0.01604;FLAT
7;11100;1;1;0.05;0.19646;FLAT
7;11100;1;1;0.1;0.26594;FLAT
7;11100;1;1;0.2;0.42866;FLAT
7;11100;1;1;0.3;0.50089;FLAT
7;11100;1;1;0.6;0.62581;FLAT
7;11100;1;1;0.9;0.66782;FLAT
7;11100;1;1;1.2;0.71725;FLAT
7;11100;1;1;1.5;0.74884;FLAT
7;11100;1;1;1.8;0.82809;FLAT
7;11100;1;1;2.1;0.85774;FLAT
7;11100;1;1;2.4;0.88172;FLAT
7;11100;1;1;2.7;0.96788;FLAT
7;11100;1;1;3;1;FLAT
7;11100;2;1;-0.3;0.01604;FLAT
7;11100;2;1;0;0.01604;FLAT
7;11100;2;1;0.05;0.19646;FLAT
7;11100;2;1;0.1;0.26594;FLAT
7;11100;2;1;0.2;0.42866;FLAT
7;11100;2;1;0.3;0.50089;FLAT
7;11100;2;1;0.6;0.62581;FLAT
7;11100;2;1;0.9;0.66782;FLAT
7;11100;2;1;1.2;0.71725;FLAT
7;11100;2;1;1.5;0.74884;FLAT
7;11100;2;1;1.8;0.82809;FLAT
7;11100;2;1;2.1;0.85774;FLAT
7;11100;2;1;2.4;0.88172;FLAT
7;11100;2;1;2.7;0.96788;FLAT
7;11100;2;1;3;1;FLAT
7;11210;1;1;-0.3;0.01604;FLAT
7;11210;1;1;0;0.01604;FLAT
7;11210;1;1;0.05;0.19646;FLAT
7;11210;1;1;0.1;0.26594;FLAT
7;11210;1;1;0.2;0.42866;FLAT
7;11210;1;1;0.3;0.50089;FLAT
7;11210;1;1;0.6;0.62581;FLAT
7;11210;1;1;0.9;0.66782;FLAT
7;11210;1;1;1.2;0.71725;FLAT
7;11210;1;1;1.5;0.74884;FLAT
7;11210;1;1;1.8;0.82809;FLAT
7;11210;1;1;2.1;0.85774;FLAT
7;11210;1;1;2.4;0.88172;FLAT
7;11210;1;1;2.7;0.96788;FLAT
7;11210;1;1;3;1;FLAT
7;11210;2;1;-0.3;0.01604;FLAT
7;11210;2;1;0;0.01604;FLAT
7;11210;2;1;0.05;0.19646;FLAT
7;11210;2;1;0.1;0.26594;FLAT
7;11210;2;1;0.2;0.42866;FLAT
7;11210;2;1;0.3;0.50089;FLAT
7;11210;2;1;0.6;0.62581;FLAT
7;11210;2;1;0.9;0.66782;FLAT
7;11210;2;1;1.2;0.71725;FLAT
7;11210;2;1;1.5;0.74884;FLAT
7;11210;2;1;1.8;0.82809;FLAT
7;11210;2;1;2.1;0.85774;FLAT
7;11210;2;1;2.4;0.88172;FLAT
7;11210;2;1;2.7;0.96788;FLAT
7;11210;2;1;3;1;FLAT
7;11220;1;1;-0.3;0.01604;FLAT
7;11220;1;1;0;0.01604;FLAT
7;11220;1;1;0.05;0.19646;FLAT
7;11220;1;1;0.1;0.26594;FLAT
7;11220;1;1;0.2;0.42866;FLAT
7;11220;1;1;0.3;0.50089;FLAT
7;11220;1;1;0.6;0.62581;FLAT
7;11220;1;1;0.9;0.66782;FLAT
7;11220;1;1;1.2;0.71725;FLAT
7;11220;1;1;1.5;0.74884;FLAT
7;11220;1;1;1.8;0.82809;FLAT
7;11220;1;1;2.1;0.85774;FLAT
7;11220;1;1;2.4;0.88172;FLAT
7;11220;1;1;2.7;0.96788;FLAT
7;11220;1;1;3;1;FLAT
7;11220;2;1;-0.3;0.01604;FLAT
7;11220;2;1;0;0.01604;FLAT
7;11220;2;1;0.05;0.19646;FLAT
7;11220;2;1;0.1;0.26594;FLAT
7;11220;2;1;0.2;0.42866;FLAT
7;11220;2;1;0.3;0.50089;FLAT
7;11220;2;1;0.6;0.62581;FLAT
7;11220;2;1;0.9;0.66782;FLAT
7;11220;2;1;1.2;0.71725;FLAT
7;11220;2;1;1.5;0.74884;FLAT
7;11220;2;1;1.8;0.82809;FLAT
7;11220;2;1;2.1;0.85774;FLAT
7;11220;2;1;2.4;0.88172;FLAT
7;11220;2;1;2.7;0.96788;FLAT
7;11220;2;1;3;1;FLAT
7;11230;1;1;-0.3;0.022644199;SemiDet
7;11230;1;1;0;0.022644199;SemiDet
7;11230;1;1;0.05;0.170973755;SemiDet
7;11230;1;1;0.1;0.233898677;SemiDet
7;11230;1;1;0.2;0.375109657;SemiDet
7;11230;1;1;0.3;0.440556693;SemiDet
7;11230;1;1;0.6;0.543753198;SemiDet
7;11230;1;1;0.9;0.581767673;SemiDet
7;11230;1;1;1.2;0.635508809;SemiDet
7;11230;1;1;1.5;0.677964398;SemiDet
7;11230;1;1;1.8;0.763131442;SemiDet
7;11230;1;1;2.1;0.808940712;SemiDet
7;11230;1;1;2.4;0.856833467;SemiDet
7;11230;1;1;2.7;0.953048468;SemiDet
7;11230;1;1;3;1;SemiDet
7;11230;2;1;-0.3;0.022644199;SemiDet
7;11230;2;1;0;0.022644199;SemiDet
7;11230;2;1;0.05;0.170973755;SemiDet
7;11230;2;1;0.1;0.233898677;SemiDet
7;11230;2;1;0.2;0.375109657;SemiDet
7;11230;2;1;0.3;0.440556693;SemiDet
7;11230;2;1;0.6;0.543753198;SemiDet
7;11230;2;1;0.9;0.581767673;SemiDet
7;11230;2;1;1.2;0.635508809;SemiDet
7;11230;2;1;1.5;0.677964398;SemiDet
7;11230;2;1;1.8;0.763131442;SemiDet
7;11230;2;1;2.1;0.808940712;SemiDet
7;11230;2;1;2.4;0.856833467;SemiDet
7;11230;2;1;2.7;0.953048468;SemiDet
7;11230;2;1;3;1;SemiDet
7;11240;1;1;-0.3;0.012203002;Detached
7;11240;1;1;0;0.012203002;Detached
7;11240;1;1;0.05;0.149804561;Detached
7;11240;1;1;0.1;0.215830005;Detached
7;11240;1;1;0.2;0.36351599;Detached
7;11240;1;1;0.3;0.437846255;Detached
7;11240;1;1;0.6;0.535809243;Detached
7;11240;1;1;0.9;0.583922121;Detached
7;11240;1;1;1.2;0.640933021;Detached
7;11240;1;1;1.5;0.689702658;Detached
7;11240;1;1;1.8;0.774212684;Detached
7;11240;1;1;2.1;0.820969673;Detached
7;11240;1;1;2.4;0.861678125;Detached
7;11240;1;1;2.7;0.954831944;Detached
7;11240;1;1;3;1;Detached
7;11240;2;1;-0.3;0.012203002;Detached
7;11240;2;1;0;0.012203002;Detached
7;11240;2;1;0.05;0.149804561;Detached
7;11240;2;1;0.1;0.215830005;Detached
7;11240;2;1;0.2;0.36351599;Detached
7;11240;2;1;0.3;0.437846255;Detached
7;11240;2;1;0.6;0.535809243;Detached
7;11240;2;1;0.9;0.583922121;Detached
7;11240;2;1;1.2;0.640933021;Detached
7;11240;2;1;1.5;0.689702658;Detached
7;11240;2;1;1.8;0.774212684;Detached
7;11240;2;1;2.1;0.820969673;Detached
7;11240;2;1;2.4;0.861678125;Detached
7;11240;2;1;2.7;0.954831944;Detached
7;11240;2;1;3;1;Detached
7;11300;1;1;-0.3;0.012203002;Detached
7;11300;1;1;0;0.012203002;Detached
7;11300;1;1;0.05;0.149804561;Detached
7;11300;1;1;0.1;0.215830005;Detached
7;11300;1;1;0.2;0.36351599;Detached
7;11300;1;1;0.3;0.437846255;Detached
7;11300;1;1;0.6;0.535809243;Detached
7;11300;1;1;0.9;0.583922121;Detached
7;11300;1;1;1.2;0.640933021;Detached
7;11300;1;1;1.5;0.689702658;Detached
7;11300;1;1;1.8;0.774212684;Detached
7;11300;1;1;2.1;0.820969673;Detached
7;11300;1;1;2.4;0.861678125;Detached
7;11300;1;1;2.7;0.954831944;Detached
7;11300;1;1;3;1;Detached
7;11300;2;1;-0.3;0.012203002;Detached
7;11300;2;1;0;0.012203002;Detached
7;11300;2;1;0.05;0.149804561;Detached
7;11300;2;1;0.1;0.215830005;Detached
7;11300;2;1;0.2;0.36351599;Detached
7;11300;2;1;0.3;0.437846255;Detached
7;11300;2;1;0.6;0.535809243;Detached
7;11300;2;1;0.9;0.583922121;Detached
7;11300;2;1;1.2;0.640933021;Detached
7;11300;2;1;1.5;0.689702658;Detached
7;11300;2;1;1.8;0.774212684;Detached
7;11300;2;1;2.1;0.820969673;Detached
7;11300;2;1;2.4;0.861678125;Detached
7;11300;2;1;2.7;0.954831944;Detached
7;11300;2;1;3;1;Detached
7;12100;1;1;-1;0;IND
7;12100;1;1;-0.75;0;IND
7;12100;1;1;-0.5;0;IND
7;12100;1;1;-0.25;0;IND
7;12100;1;1;0;0;IND
7;12100;1;1;0.25;0.201480124;IND
7;12100;1;1;0.5;0.352250942;IND
7;12100;1;1;0.75;0.499317822;IND
7;12100;1;1;1;0.612236762;IND
7;12100;1;1;1.25;0.700175732;IND
7;12100;1;1;1.5;0.776452137;IND
7;12100;1;1;1.75;0.833523941;IND
7;12100;1;1;2;0.890494554;IND
7;12100;1;1;2.25;0.923587835;IND
7;12100;1;1;2.5;0.950345057;IND
7;12100;1;1;2.75;0.973880844;IND
7;12100;1;1;3;1;IND
7;12100;2;1;-1;0;IND
7;12100;2;1;-0.75;0;IND
7;12100;2;1;-0.5;0;IND
7;12100;2;1;-0.25;0;IND
7;12100;2;1;0;0;IND
7;12100;2;1;0.25;0.201480124;IND
7;12100;2;1;0.5;0.352250942;IND
7;12100;2;1;0.75;0.499317822;IND
7;12100;2;1;1;0.612236762;IND
7;12100;2;1;1.25;0.700175732;IND
7;12100;2;1;1.5;0.776452137;IND
7;12100;2;1;1.75;0.833523941;IND
7;12100;2;1;2;0.890494554;IND
7;12100;2;1;2.25;0.923587835;IND
7;12100;2;1;2.5;0.950345057;IND
7;12100;2;1;2.75;0.973880844;IND
7;12100;2;1;3;1;IND
7;12210;1;1;-1;0;430
7;12210;1;1;-0.75;0;430
7;12210;1;1;-0.5;0;430
7;12210;1;1;-0.25;0;430
7;12210;1;1;0;0;430
7;12210;1;1;0.25;0.156377845;430
7;12210;1;1;0.5;0.288838771;430
7;12210;1;1;0.75;0.446160705;430
7;12210;1;1;1;0.563988251;430
7;12210;1;1;1.25;0.6495332;430
7;12210;1;1;1.5;0.734160285;430
7;12210;1;1;1.75;0.798148537;430
7;12210;1;1;2;0.855213469;430
7;12210;1;1;2.25;0.893344173;430
7;12210;1;1;2.5;0.932261618;430
7;12210;1;1;2.75;0.962760936;430
7;12210;1;1;3;1;430
7;12210;2;1;-1;0;430
7;12210;2;1;-0.75;0;430
7;12210;2;1;-0.5;0;430
7;12210;2;1;-0.25;0;430
7;12210;2;1;0;0;430
7;12210;2;1;0.25;0.156377845;430
7;12210;2;1;0.5;0.288838771;430
7;12210;2;1;0.75;0.446160705;430
7;12210;2;1;1;0.563988251;430
7;12210;2;1;1.25;0.6495332;430
7;12210;2;1;1.5;0.734160285;430
7;12210;2;1;1.75;0.798148537;430
7;12210;2;1;2;0.855213469;430
7;12210;2;1;2.25;0.893344173;430
7;12210;2;1;2.5;0.932261618;430
7;12210;2;1;2.75;0.962760936;430
7;12210;2;1;3;1;430
7;12220;1;1;-1;0;430
7;12220;1;1;-0.75;0;430
7;12220;1;1;-0.5;0;430
7;12220;1;1;-0.25;0;430
7;12220;1;1;0;0;430
7;12220;1;1;0.25;0.156377845;430
7;12220;1;1;0.5;0.288838771;430
7;12220;1;1;0.75;0.446160705;430
7;12220;1;1;1;0.563988251;430
7;12220;1;1;1.25;0.6495332;430
7;12220;1;1;1.5;0.734160285;430
7;12220;1;1;1.75;0.798148537;430
7;12220;1;1;2;0.855213469;430
7;12220;1;1;2.25;0.893344173;430
7;12220;1;1;2.5;0.932261618;430
7;12220;1;1;2.75;0.962760936;430
7;12220;1;1;3;1;430
7;12220;2;1;-1;0;430
7;12220;2;1;-0.75;0;430
7;12220;2;1;-0.5;0;430
7;12220;2;1;-0.25;0;430
7;12220;2;1;0;0;430
7;12220;2;1;0.25;0.156377845;430
7;12220;2;1;0.5;0.288838771;430
7;12220;2;1;0.75;0.446160705;430
7;12220;2;1;1;0.563988251;430
7;12220;2;1;1.25;0.6495332;430
7;12220;2;1;1.5;0.734160285;430
7;12220;2;1;1.75;0.798148537;430
7;12220;2;1;2;0.855213469;430
7;12220;2;1;2.25;0.893344173;430
7;12220;2;1;2.5;0.932261618;430
7;12220;2;1;2.75;0.962760936;430
7;12220;2;1;3;1;430
7;12230;1;1;-1;0;430
7;12230;1;1;-0.75;0;430
7;12230;1;1;-0.5;0;430
7;12230;1;1;-0.25;0;430
7;12230;1;1;0;0;430
7;12230;1;1;0.25;0.156377845;430
7;12230;1;1;0.5;0.288838771;430
7;12230;1;1;0.75;0.446160705;430
7;12230;1;1;1;0.563988251;430
7;12230;1;1;1.25;0.6495332;430
7;12230;1;1;1.5;0.734160285;430
7;12230;1;1;1.75;0.798148537;430
7;12230;1;1;2;0.855213469;430
7;12230;1;1;2.25;0.893344173;430
7;12230;1;1;2.5;0.932261618;430
7;12230;1;1;2.75;0.962760936;430
7;12230;1;1;3;1;430
7;12230;2;1;-1;0;430
7;12230;2;1;-0.75;0;430
7;12230;2;1;-0.5;0;430
7;12230;2;1;-0.25;0;430
7;12230;2;1;0;0;430
7;12230;2;1;0.25;0.156377845;430
7;12230;2;1;0.5;0.288838771;430
7;12230;2;1;0.75;0.446160705;430
7;12230;2;1;1;0.563988251;430
7;12230;2;1;1.25;0.6495332;430
7;12230;2;1;1.5;0.734160285;430
7;12230;2;1;1.75;0.798148537;430
7;12230;2;1;2;0.855213469;430
7;12230;2;1;2.25;0.893344173;430
7;12230;2;1;2.5;0.932261618;430
7;12230;2;1;2.75;0.962760936;430
7;12230;2;1;3;1;430
7;12300;1;1;-1;0;950
7;12300;1;1;-0.75;0.062723303;950
7;12300;1;1;-0.5;0.155220326;950
7;12300;1;1;-0.25;0.535926955;950
7;12300;1;1;0;1;950
7;12300;1;1;0.25;1;950
7;12300;1;1;0.5;1;950
7;12300;1;1;0.75;1;950
7;12300;1;1;1;1;950
7;12300;1;1;1.25;1;950
7;12300;1;1;1.5;1;950
7;12300;1;1;1.75;1;950
7;12300;1;1;2;1;950
7;12300;1;1;2.25;1;950
7;12300;1;1;2.5;1;950
7;12300;1;1;2.75;1;950
7;12300;1;1;3;1;950
7;12300;2;1;-1;0;950
7;12300;2;1;-0.75;0.062723303;950
7;12300;2;1;-0.5;0.155220326;950
7;12300;2;1;-0.25;0.535926955;950
7;12300;2;1;0;1;950
7;12300;2;1;0.25;1;950
7;12300;2;1;0.5;1;950
7;12300;2;1;0.75;1;950
7;12300;2;1;1;1;950
7;12300;2;1;1.25;1;950
7;12300;2;1;1.5;1;950
7;12300;2;1;1.75;1;950
7;12300;2;1;2;1;950
7;12300;2;1;2.25;1;950
7;12300;2;1;2.5;1;950
7;12300;2;1;2.75;1;950
7;12300;2;1;3;1;950
7;12400;1;1;-1;0;430
7;12400;1;1;-0.75;0;430
7;12400;1;1;-0.5;0;430
7;12400;1;1;-0.25;0;430
7;12400;1;1;0;0;430
7;12400;1;1;0.25;0.156377845;430
7;12400;1;1;0.5;0.288838771;430
7;12400;1;1;0.75;0.446160705;430
7;12400;1;1;1;0.563988251;430
7;12400;1;1;1.25;0.6495332;430
7;12400;1;1;1.5;0.734160285;430
7;12400;1;1;1.75;0.798148537;430
7;12400;1;1;2;0.855213469;430
7;12400;1;1;2.25;0.893344173;430
7;12400;1;1;2.5;0.932261618;430
7;12400;1;1;2.75;0.962760936;430
7;12400;1;1;3;1;430
7;12400;2;1;-1;0;430
7;12400;2;1;-0.75;0;430
7;12400;2;1;-0.5;0;430
7;12400;2;1;-0.25;0;430
7;12400;2;1;0;0;430
7;12400;2;1;0.25;0.156377845;430
7;12400;2;1;0.5;0.288838771;430
7;12400;2;1;0.75;0.446160705;430
7;12400;2;1;1;0.563988251;430
7;12400;2;1;1.25;0.6495332;430
7;12400;2;1;1.5;0.734160285;430
7;12400;2;1;1.75;0.798148537;430
7;12400;2;1;2;0.855213469;430
7;12400;2;1;2.25;0.893344173;430
7;12400;2;1;2.5;0.932261618;430
7;12400;2;1;2.75;0.962760936;430
7;12400;2;1;3;1;430
7;13100;1;1;-1;0;830
7;13100;1;1;-0.75;0;830
7;13100;1;1;-0.5;0;830
7;13100;1;1;-0.25;0;830
7;13100;1;1;0;0;830
7;13100;1;1;0.25;0.005506608;830
7;13100;1;1;0.5;0.077092511;830
7;13100;1;1;0.75;0.251101322;830
7;13100;1;1;1;0.345814978;830
7;13100;1;1;1.25;0.466960352;830
7;13100;1;1;1.5;0.577092511;830
7;13100;1;1;1.75;0.665198238;830
7;13100;1;1;2;0.731277533;830
7;13100;1;1;2.25;0.784140969;830
7;13100;1;1;2.5;0.837004405;830
7;13100;1;1;2.75;0.938325991;830
7;13100;1;1;3;1;830
7;13100;2;1;-1;0;830
7;13100;2;1;-0.75;0;830
7;13100;2;1;-0.5;0;830
7;13100;2;1;-0.25;0;830
7;13100;2;1;0;0;830
7;13100;2;1;0.25;0.005506608;830
7;13100;2;1;0.5;0.077092511;830
7;13100;2;1;0.75;0.251101322;830
7;13100;2;1;1;0.345814978;830
7;13100;2;1;1.25;0.466960352;830
7;13100;2;1;1.5;0.577092511;830
7;13100;2;1;1.75;0.665198238;830
7;13100;2;1;2;0.731277533;830
7;13100;2;1;2.25;0.784140969;830
7;13100;2;1;2.5;0.837004405;830
7;13100;2;1;2.75;0.938325991;830
7;13100;2;1;3;1;830
7;13300;1;1;-1;0;238
7;13300;1;1;-0.75;0;238
7;13300;1;1;-0.5;0;238
7;13300;1;1;-0.25;0;238
7;13300;1;1;0;0;238
7;13300;1;1;0.25;0.157624324;238
7;13300;1;1;0.5;0.335991718;238
7;13300;1;1;0.75;0.44492159;238
7;13300;1;1;1;0.551282543;238
7;13300;1;1;1.25;0.645182317;238
7;13300;1;1;1.5;0.73520954;238
7;13300;1;1;1.75;0.817875081;238
7;13300;1;1;2;0.896284652;238
7;13300;1;1;2.25;0.925539665;238
7;13300;1;1;2.5;0.950500364;238
7;13300;1;1;2.75;0.972892144;238
7;13300;1;1;3;1;238
7;13300;2;1;-1;0;238
7;13300;2;1;-0.75;0;238
7;13300;2;1;-0.5;0;238
7;13300;2;1;-0.25;0;238
7;13300;2;1;0;0;238
7;13300;2;1;0.25;0.157624324;238
7;13300;2;1;0.5;0.335991718;238
7;13300;2;1;0.75;0.44492159;238
7;13300;2;1;1;0.551282543;238
7;13300;2;1;1.25;0.645182317;238
7;13300;2;1;1.5;0.73520954;238
7;13300;2;1;1.75;0.817875081;238
7;13300;2;1;2;0.896284652;238
7;13300;2;1;2.25;0.925539665;238
7;13300;2;1;2.5;0.950500364;238
7;13300;2;1;2.75;0.972892144;238
7;13300;2;1;3;1;238
7;13400;1;1;-1;0;238
7;13400;1;1;-0.75;0;238
7;13400;1;1;-0.5;0;238
7;13400;1;1;-0.25;0;238
7;13400;1;1;0;0;238
7;13400;1;1;0.25;0.157624324;238
7;13400;1;1;0.5;0.335991718;238
7;13400;1;1;0.75;0.44492159;238
7;13400;1;1;1;0.551282543;238
7;13400;1;1;1.25;0.645182317;238
7;13400;1;1;1.5;0.73520954;238
7;13400;1;1;1.75;0.817875081;238
7;13400;1;1;2;0.896284652;238
7;13400;1;1;2.25;0.925539665;238
7;13400;1;1;2.5;0.950500364;238
7;13400;1;1;2.75;0.972892144;238
7;13400;1;1;3;1;238
7;13400;2;1;-1;0;238
7;13400;2;1;-0.75;0;238
7;13400;2;1;-0.5;0;238
7;13400;2;1;-0.25;0;238
7;13400;2;1;0;0;238
7;13400;2;1;0.25;0.157624324;238
7;13400;2;1;0.5;0.335991718;238
7;13400;2;1;0.75;0.44492159;238
7;13400;2;1;1;0.551282543;238
7;13400;2;1;1.25;0.645182317;238
7;13400;2;1;1.5;0.73520954;238
7;13400;2;1;1.75;0.817875081;238
7;13400;2;1;2;0.896284652;238
7;13400;2;1;2.25;0.925539665;238
7;13400;2;1;2.5;0.950500364;238
7;13400;2;1;2.75;0.972892144;238
7;13400;2;1;3;1;238
7;14100;1;1;-1;0;238
7;14100;1;1;-0.75;0;238
7;14100;1;1;-0.5;0;238
7;14100;1;1;-0.25;0;238
7;14100;1;1;0;0;238
7;14100;1;1;0.25;0.157624324;238
7;14100;1;1;0.5;0.335991718;238
7;14100;1;1;0.75;0.44492159;238
7;14100;1;1;1;0.551282543;238
7;14100;1;1;1.25;0.645182317;238
7;14100;1;1;1.5;0.73520954;238
7;14100;1;1;1.75;0.817875081;238
7;14100;1;1;2;0.896284652;238
7;14100;1;1;2.25;0.925539665;238
7;14100;1;1;2.5;0.950500364;238
7;14100;1;1;2.75;0.972892144;238
7;14100;1;1;3;1;238
7;14100;2;1;-1;0;238
7;14100;2;1;-0.75;0;238
7;14100;2;1;-0.5;0;238
7;14100;2;1;-0.25;0;238
7;14100;2;1;0;0;238
7;14100;2;1;0.25;0.157624324;238
7;14100;2;1;0.5;0.335991718;238
7;14100;2;1;0.75;0.44492159;238
7;14100;2;1;1;0.551282543;238
7;14100;2;1;1.25;0.645182317;238
7;14100;2;1;1.5;0.73520954;238
7;14100;2;1;1.75;0.817875081;238
7;14100;2;1;2;0.896284652;238
7;14100;2;1;2.25;0.925539665;238
7;14100;2;1;2.5;0.950500364;238
7;14100;2;1;2.75;0.972892144;238
7;14100;2;1;3;1;238
7;14200;1;1;-1;0;523
7;14200;1;1;-0.75;0;523
7;14200;1;1;-0.5;0;523
7;14200;1;1;-0.25;0;523
7;14200;1;1;0;0;523
7;14200;1;1;0.25;0.156919129;523
7;14200;1;1;0.5;0.319202354;523
7;14200;1;1;0.75;0.482635817;523
7;14200;1;1;1;0.618175987;523
7;14200;1;1;1.25;0.691415236;523
7;14200;1;1;1.5;0.764355866;523
7;14200;1;1;1.75;0.821967351;523
7;14200;1;1;2;0.875741019;523
7;14200;1;1;2.25;0.908412228;523
7;14200;1;1;2.5;0.940784817;523
7;14200;1;1;2.75;0.968025571;523
7;14200;1;1;3;1;523
7;14200;2;1;-1;0;523
7;14200;2;1;-0.75;0;523
7;14200;2;1;-0.5;0;523
7;14200;2;1;-0.25;0;523
7;14200;2;1;0;0;523
7;14200;2;1;0.25;0.156919129;523
7;14200;2;1;0.5;0.319202354;523
7;14200;2;1;0.75;0.482635817;523
7;14200;2;1;1;0.618175987;523
7;14200;2;1;1.25;0.691415236;523
7;14200;2;1;1.5;0.764355866;523
7;14200;2;1;1.75;0.821967351;523
7;14200;2;1;2;0.875741019;523
7;14200;2;1;2.25;0.908412228;523
7;14200;2;1;2.5;0.940784817;523
7;14200;2;1;2.75;0.968025571;523
7;14200;2;1;3;1;523
7;20000;1;1;-1;0;238
7;20000;1;1;-0.75;0;238
7;20000;1;1;-0.5;0;238
7;20000;1;1;-0.25;0;238
7;20000;1;1;0;0;238
7;20000;1;1;0.25;0.157624324;238
7;20000;1;1;0.5;0.335991718;238
7;20000;1;1;0.75;0.44492159;238
7;20000;1;1;1;0.551282543;238
7;20000;1;1;1.25;0.645182317;238
7;20000;1;1;1.5;0.73520954;238
7;20000;1;1;1.75;0.817875081;238
7;20000;1;1;2;0.896284652;238
7;20000;1;1;2.25;0.925539665;238
7;20000;1;1;2.5;0.950500364;238
7;20000;1;1;2.75;0.972892144;238
7;20000;1;1;3;1;238
7;20000;2;1;-1;0;238
7;20000;2;1;-0.75;0;238
7;20000;2;1;-0.5;0;238
7;20000;2;1;-0.25;0;238
7;20000;2;1;0;0;238
7;20000;2;1;0.25;0.157624324;238
7;20000;2;1;0.5;0.335991718;238
7;20000;2;1;0.75;0.44492159;238
7;20000;2;1;1;0.551282543;238
7;20000;2;1;1.25;0.645182317;238
7;20000;2;1;1.5;0.73520954;238
7;20000;2;1;1.75;0.817875081;238
7;20000;2;1;2;0.896284652;238
7;20000;2;1;2.25;0.925539665;238
7;20000;2;1;2.5;0.950500364;238
7;20000;2;1;2.75;0.972892144;238
7;20000;2;1;3;1;238
7;30000;1;1;-1;0;238
7;30000;1;1;-0.75;0;238
7;30000;1;1;-0.5;0;238
7;30000;1;1;-0.25;0;238
7;30000;1;1;0;0;238
7;30000;1;1;0.25;0.157624324;238
7;30000;1;1;0.5;0.335991718;238
7;30000;1;1;0.75;0.44492159;238
7;30000;1;1;1;0.551282543;238
7;30000;1;1;1.25;0.645182317;238
7;30000;1;1;1.5;0.73520954;238
7;30000;1;1;1.75;0.817875081;238
7;30000;1;1;2;0.896284652;238
7;30000;1;1;2.25;0.925539665;238
7;30000;1;1;2.5;0.950500364;238
7;30000;1;1;2.75;0.972892144;238
7;30000;1;1;3;1;238
7;30000;2;1;-1;0;238
7;30000;2;1;-0.75;0;238
7;30000;2;1;-0.5;0;238
7;30000;2;1;-0.25;0;238
7;30000;2;1;0;0;238
7;30000;2;1;0.25;0.157624324;238
7;30000;2;1;0.5;0.335991718;238
7;30000;2;1;0.75;0.44492159;238
7;30000;2;1;1;0.551282543;238
7;30000;2;1;1.25;0.645182317;238
7;30000;2;1;1.5;0.73520954;238
7;30000;2;1;1.75;0.817875081;238
7;30000;2;1;2;0.896284652;238
7;30000;2;1;2.25;0.925539665;238
7;30000;2;1;2.5;0.950500364;238
7;30000;2;1;2.75;0.972892144;238
7;30000;2;1;3;1;238
7;40000;1;1;-1;0;238
7;40000;1;1;-0.75;0;238
7;40000;1;1;-0.5;0;238
7;40000;1;1;-0.25;0;238
7;40000;1;1;0;0;238
7;40000;1;1;0.25;0.157624324;238
7;40000;1;1;0.5;0.335991718;238
7;40000;1;1;0.75;0.44492159;238
7;40000;1;1;1;0.551282543;238
7;40000;1;1;1.25;0.645182317;238
7;40000;1;1;1.5;0.73520954;238
7;40000;1;1;1.75;0.817875081;238
7;40000;1;1;2;0.896284652;238
7;40000;1;1;2.25;0.925539665;238
7;40000;1;1;2.5;0.950500364;238
7;40000;1;1;2.75;0.972892144;238
7;40000;1;1;3;1;238
7;40000;2;1;-1;0;238
7;40000;2;1;-0.75;0;238
7;40000;2;1;-0.5;0;238
7;40000;2;1;-0.25;0;238
7;40000;2;1;0;0;238
7;40000;2;1;0.25;0.157624324;238
7;40000;2;1;0.5;0.335991718;238
7;40000;2;1;0.75;0.44492159;238
7;40000;2;1;1;0.551282543;238
7;40000;2;1;1.25;0.645182317;238
7;40000;2;1;1.5;0.73520954;238
7;40000;2;1;1.75;0.817875081;238
7;40000;2;1;2;0.896284652;238
7;40000;2;1;2.25;0.925539665;238
7;40000;2;1;2.5;0.950500364;238
7;40000;2;1;2.75;0.972892144;238
7;40000;2;1;3;1;238
7;50000;1;1;-1;0;238
7;50000;1;1;-0.75;0;238
7;50000;1;1;-0.5;0;238
7;50000;1;1;-0.25;0;238
7;50000;1;1;0;0;238
7;50000;1;1;0.25;0.157624324;238
7;50000;1;1;0.5;0.335991718;238
7;50000;1;1;0.75;0.44492159;238
7;50000;1;1;1;0.551282543;238
7;50000;1;1;1.25;0.645182317;238
7;50000;1;1;1.5;0.73520954;238
7;50000;1;1;1.75;0.817875081;238
7;50000;1;1;2;0.896284652;238
7;50000;1;1;2.25;0.925539665;238
7;50000;1;1;2.5;0.950500364;238
7;50000;1;1;2.75;0.972892144;238
7;50000;1;1;3;1;238
7;50000;2;1;-1;0;238
7;50000;2;1;-0.75;0;238
7;50000;2;1;-0.5;0;238
7;50000;2;1;-0.25;0;238
7;50000;2;1;0;0;238
7;50000;2;1;0.25;0.157624324;238
7;50000;2;1;0.5;0.335991718;238
7;50000;2;1;0.75;0.44492159;238
7;50000;2;1;1;0.551282543;238
7;50000;2;1;1.25;0.645182317;238
7;50000;2;1;1.5;0.73520954;238
7;50000;2;1;1.75;0.817875081;238
7;50000;2;1;2;0.896284652;238
7;50000;2;1;2.25;0.925539665;238
7;50000;2;1;2.5;0.950500364;238
7;50000;2;1;2.75;0.972892144;238
7;50000;2;1;3;1;238
8;11100;1;1;0.2;0.03;ap.build.
8;11100;1;1;0.21;0.1;ap.build.
8;11100;1;1;0.6;0.1;ap.build.
8;11100;1;1;0.61;0.11;ap.build.
8;11100;1;1;1;0.11;ap.build.
8;11100;1;1;1.01;0.13;ap.build.
8;11100;1;1;1.5;0.13;ap.build.
8;11100;1;1;1.51;0.18;ap.build.
8;11100;1;1;1.6;0.18;ap.build.
8;11100;2;1;0.2;0.1;ap.build.
8;11100;2;1;0.21;0.18;ap.build.
8;11100;2;1;0.6;0.18;ap.build.
8;11100;2;1;0.61;0.29;ap.build.
8;11100;2;1;1;0.29;ap.build.
8;11100;2;1;1.01;0.29;ap.build.
8;11100;2;1;1.5;0.29;ap.build.
8;11100;2;1;1.51;0.34;ap.build.
8;11100;2;1;1.6;0.34;ap.build.
8;11210;1;1;0.2;0.03;ap.build.
8;11210;1;1;0.21;0.1;ap.build.
8;11210;1;1;0.6;0.1;ap.build.
8;11210;1;1;0.61;0.11;ap.build.
8;11210;1;1;1;0.11;ap.build.
8;11210;1;1;1.01;0.13;ap.build.
8;11210;1;1;1.5;0.13;ap.build.
8;11210;1;1;1.51;0.18;ap.build.
8;11210;1;1;1.6;0.18;ap.build.
8;11210;2;1;0.2;0.1;ap.build.
8;11210;2;1;0.21;0.18;ap.build.
8;11210;2;1;0.6;0.18;ap.build.
8;11210;2;1;0.61;0.29;ap.build.
8;11210;2;1;1;0.29;ap.build.
8;11210;2;1;1.01;0.29;ap.build.
8;11210;2;1;1.5;0.29;ap.build.
8;11210;2;1;1.51;0.34;ap.build.
8;11210;2;1;1.6;0.34;ap.build.
8;11220;1;1;0.2;0.03;semi-detached
8;11220;1;1;0.21;0.08;semi-detached
8;11220;1;1;0.6;0.08;semi-detached
8;11220;1;1;0.61;0.11;semi-detached
8;11220;1;1;1;0.11;semi-detached
8;11220;1;1;1.01;0.18;semi-detached
8;11220;1;1;1.5;0.18;semi-detached
8;11220;1;1;1.51;0.22;semi-detached
8;11220;1;1;1.6;0.22;semi-detached
8;11220;2;1;0.2;0.08;semi-detached
8;11220;2;1;0.21;0.26;semi-detached
8;11220;2;1;0.6;0.26;semi-detached
8;11220;2;1;0.61;0.27;semi-detached
8;11220;2;1;1;0.27;semi-detached
8;11220;2;1;1.01;0.45;semi-detached
8;11220;2;1;1.5;0.45;semi-detached
8;11220;2;1;1.51;0.54;semi-detached
8;11220;2;1;1.6;0.54;semi-detached
8;11230;1;1;0.2;0.03;semi-detached
8;11230;1;1;0.21;0.08;semi-detached
8;11230;1;1;0.6;0.08;semi-detached
8;11230;1;1;0.61;0.11;semi-detached
8;11230;1;1;1;0.11;semi-detached
8;11230;1;1;1.01;0.18;semi-detached
8;11230;1;1;1.5;0.18;semi-detached
8;11230;1;1;1.51;0.22;semi-detached
8;11230;1;1;1.6;0.22;semi-detached
8;11230;2;1;0.2;0.08;semi-detached
8;11230;2;1;0.21;0.26;semi-detached
8;11230;2;1;0.6;0.26;semi-detached
8;11230;2;1;0.61;0.27;semi-detached
8;11230;2;1;1;0.27;semi-detached
8;11230;2;1;1.01;0.45;semi-detached
8;11230;2;1;1.5;0.45;semi-detached
8;11230;2;1;1.51;0.54;semi-detached
8;11230;2;1;1.6;0.54;semi-detached
8;11240;1;1;0.2;0.04;one-fam home
8;11240;1;1;0.21;0.07;one-fam home
8;11240;1;1;0.6;0.07;one-fam home
8;11240;1;1;0.61;0.1;one-fam home
8;11240;1;1;1;0.1;one-fam home
8;11240;1;1;1.01;0.22;one-fam home
8;11240;1;1;1.5;0.22;one-fam home
8;11240;1;1;1.51;0.24;one-fam home
8;11240;1;1;1.6;0.24;one-fam home
8;11240;2;1;0.2;0.1;one-fam home
8;11240;2;1;0.21;0.19;one-fam home
8;11240;2;1;0.6;0.19;one-fam home
8;11240;2;1;0.61;0.35;one-fam home
8;11240;2;1;1;0.35;one-fam home
8;11240;2;1;1.01;0.5;one-fam home
8;11240;2;1;1.5;0.5;one-fam home
8;11240;2;1;1.51;0.54;one-fam home
8;11240;2;1;1.6;0.54;one-fam home
8;11300;1;1;0.2;0.04;one-fam home
8;11300;1;1;0.21;0.07;one-fam home
8;11300;1;1;0.6;0.07;one-fam home
8;11300;1;1;0.61;0.1;one-fam home
8;11300;1;1;1;0.1;one-fam home
8;11300;1;1;1.01;0.22;one-fam home
8;11300;1;1;1.5;0.22;one-fam home
8;11300;1;1;1.51;0.24;one-fam home
8;11300;1;1;1.6;0.24;one-fam home
8;11300;2;1;0.2;0.1;one-fam home
8;11300;2;1;0.21;0.19;one-fam home
8;11300;2;1;0.6;0.19;one-fam home
8;11300;2;1;0.61;0.35;one-fam home
8;11300;2;1;1;0.35;one-fam home
8;11300;2;1;1.01;0.5;one-fam home
8;11300;2;1;1.5;0.5;one-fam home
8;11300;2;1;1.51;0.54;one-fam home
8;11300;2;1;1.6;0.54;one-fam home
